MQ,IF,D,0.18,0.22,1300,12/05/2003
MQ,VVS1,D,0.18,0.22,1300,12/05/2003
MQ,VVS2,D,0.18,0.22,1300,12/05/2003
MQ,VS1,D,0.18,0.22,1100,12/05/2003
MQ,VS2,D,0.18,0.22,1100,12/05/2003
MQ,SI1,D,0.18,0.22,1000,12/05/2003
MQ,SI2,D,0.18,0.22,900,12/05/2003
MQ,SI3,D,0.18,0.22,800,12/05/2003
MQ,I1,D,0.18,0.22,650,12/05/2003
MQ,I2,D,0.18,0.22,550,12/05/2003
MQ,I3,D,0.18,0.22,350,12/05/2003
MQ,IF,E,0.18,0.22,1300,12/05/2003
MQ,VVS1,E,0.18,0.22,1300,12/05/2003
MQ,VVS2,E,0.18,0.22,1300,12/05/2003
MQ,VS1,E,0.18,0.22,1100,12/05/2003
MQ,VS2,E,0.18,0.22,1100,12/05/2003
MQ,SI1,E,0.18,0.22,1000,12/05/2003
MQ,SI2,E,0.18,0.22,900,12/05/2003
MQ,SI3,E,0.18,0.22,800,12/05/2003
MQ,I1,E,0.18,0.22,650,12/05/2003
MQ,I2,E,0.18,0.22,550,12/05/2003
MQ,I3,E,0.18,0.22,350,12/05/2003
MQ,IF,F,0.18,0.22,1300,12/05/2003
MQ,VVS1,F,0.18,0.22,1300,12/05/2003
MQ,VVS2,F,0.18,0.22,1300,12/05/2003
MQ,VS1,F,0.18,0.22,1100,12/05/2003
MQ,VS2,F,0.18,0.22,1100,12/05/2003
MQ,SI1,F,0.18,0.22,1000,12/05/2003
MQ,SI2,F,0.18,0.22,900,12/05/2003
MQ,SI3,F,0.18,0.22,800,12/05/2003
MQ,I1,F,0.18,0.22,650,12/05/2003
MQ,I2,F,0.18,0.22,550,12/05/2003
MQ,I3,F,0.18,0.22,350,12/05/2003
MQ,IF,G,0.18,0.22,1100,12/05/2003
MQ,VVS1,G,0.18,0.22,1100,12/05/2003
MQ,VVS2,G,0.18,0.22,1100,12/05/2003
MQ,VS1,G,0.18,0.22,1000,12/05/2003
MQ,VS2,G,0.18,0.22,1000,12/05/2003
MQ,SI1,G,0.18,0.22,900,12/05/2003
MQ,SI2,G,0.18,0.22,800,12/05/2003
MQ,SI3,G,0.18,0.22,700,12/05/2003
MQ,I1,G,0.18,0.22,600,12/05/2003
MQ,I2,G,0.18,0.22,500,12/05/2003
MQ,I3,G,0.18,0.22,300,12/05/2003
MQ,IF,H,0.18,0.22,1100,12/05/2003
MQ,VVS1,H,0.18,0.22,1100,12/05/2003
MQ,VVS2,H,0.18,0.22,1100,12/05/2003
MQ,VS1,H,0.18,0.22,1000,12/05/2003
MQ,VS2,H,0.18,0.22,1000,12/05/2003
MQ,SI1,H,0.18,0.22,900,12/05/2003
MQ,SI2,H,0.18,0.22,800,12/05/2003
MQ,SI3,H,0.18,0.22,700,12/05/2003
MQ,I1,H,0.18,0.22,600,12/05/2003
MQ,I2,H,0.18,0.22,500,12/05/2003
MQ,I3,H,0.18,0.22,300,12/05/2003
MQ,IF,I,0.18,0.22,1000,12/05/2003
MQ,VVS1,I,0.18,0.22,1000,12/05/2003
MQ,VVS2,I,0.18,0.22,1000,12/05/2003
MQ,VS1,I,0.18,0.22,900,12/05/2003
MQ,VS2,I,0.18,0.22,900,12/05/2003
MQ,SI1,I,0.18,0.22,800,12/05/2003
MQ,SI2,I,0.18,0.22,700,12/05/2003
MQ,SI3,I,0.18,0.22,600,12/05/2003
MQ,I1,I,0.18,0.22,550,12/05/2003
MQ,I2,I,0.18,0.22,450,12/05/2003
MQ,I3,I,0.18,0.22,250,12/05/2003
MQ,IF,J,0.18,0.22,1000,12/05/2003
MQ,VVS1,J,0.18,0.22,1000,12/05/2003
MQ,VVS2,J,0.18,0.22,1000,12/05/2003
MQ,VS1,J,0.18,0.22,900,12/05/2003
MQ,VS2,J,0.18,0.22,900,12/05/2003
MQ,SI1,J,0.18,0.22,800,12/05/2003
MQ,SI2,J,0.18,0.22,700,12/05/2003
MQ,SI3,J,0.18,0.22,600,12/05/2003
MQ,I1,J,0.18,0.22,550,12/05/2003
MQ,I2,J,0.18,0.22,450,12/05/2003
MQ,I3,J,0.18,0.22,250,12/05/2003
MQ,IF,K,0.18,0.22,840,12/05/2003
MQ,VVS1,K,0.18,0.22,840,12/05/2003
MQ,VVS2,K,0.18,0.22,840,12/05/2003
MQ,VS1,K,0.18,0.22,790,12/05/2003
MQ,VS2,K,0.18,0.22,790,12/05/2003
MQ,SI1,K,0.18,0.22,640,12/05/2003
MQ,SI2,K,0.18,0.22,590,12/05/2003
MQ,SI3,K,0.18,0.22,540,12/05/2003
MQ,I1,K,0.18,0.22,440,12/05/2003
MQ,I2,K,0.18,0.22,390,12/05/2003
MQ,I3,K,0.18,0.22,220,12/05/2003
MQ,IF,L,0.18,0.22,840,12/05/2003
MQ,VVS1,L,0.18,0.22,840,12/05/2003
MQ,VVS2,L,0.18,0.22,840,12/05/2003
MQ,VS1,L,0.18,0.22,790,12/05/2003
MQ,VS2,L,0.18,0.22,790,12/05/2003
MQ,SI1,L,0.18,0.22,640,12/05/2003
MQ,SI2,L,0.18,0.22,590,12/05/2003
MQ,SI3,L,0.18,0.22,540,12/05/2003
MQ,I1,L,0.18,0.22,440,12/05/2003
MQ,I2,L,0.18,0.22,390,12/05/2003
MQ,I3,L,0.18,0.22,220,12/05/2003
MQ,IF,M,0.18,0.22,640,12/05/2003
MQ,VVS1,M,0.18,0.22,640,12/05/2003
MQ,VVS2,M,0.18,0.22,640,12/05/2003
MQ,VS1,M,0.18,0.22,590,12/05/2003
MQ,VS2,M,0.18,0.22,590,12/05/2003
MQ,SI1,M,0.18,0.22,540,12/05/2003
MQ,SI2,M,0.18,0.22,490,12/05/2003
MQ,SI3,M,0.18,0.22,440,12/05/2003
MQ,I1,M,0.18,0.22,390,12/05/2003
MQ,I2,M,0.18,0.22,350,12/05/2003
MQ,I3,M,0.18,0.22,190,12/05/2003
MQ,IF,N,0.18,0.22,640,12/05/2003
MQ,VVS1,N,0.18,0.22,640,12/05/2003
MQ,VVS2,N,0.18,0.22,640,12/05/2003
MQ,VS1,N,0.18,0.22,590,12/05/2003
MQ,VS2,N,0.18,0.22,590,12/05/2003
MQ,SI1,N,0.18,0.22,540,12/05/2003
MQ,SI2,N,0.18,0.22,490,12/05/2003
MQ,SI3,N,0.18,0.22,440,12/05/2003
MQ,I1,N,0.18,0.22,390,12/05/2003
MQ,I2,N,0.18,0.22,350,12/05/2003
MQ,I3,N,0.18,0.22,190,12/05/2003
MQ,IF,D,0.23,0.29,1600,12/05/2003
MQ,VVS1,D,0.23,0.29,1600,12/05/2003
MQ,VVS2,D,0.23,0.29,1600,12/05/2003
MQ,VS1,D,0.23,0.29,1300,12/05/2003
MQ,VS2,D,0.23,0.29,1300,12/05/2003
MQ,SI1,D,0.23,0.29,1200,12/05/2003
MQ,SI2,D,0.23,0.29,1000,12/05/2003
MQ,SI3,D,0.23,0.29,900,12/05/2003
MQ,I1,D,0.23,0.29,700,12/05/2003
MQ,I2,D,0.23,0.29,600,12/05/2003
MQ,I3,D,0.23,0.29,400,12/05/2003
MQ,IF,E,0.23,0.29,1600,12/05/2003
MQ,VVS1,E,0.23,0.29,1600,12/05/2003
MQ,VVS2,E,0.23,0.29,1600,12/05/2003
MQ,VS1,E,0.23,0.29,1300,12/05/2003
MQ,VS2,E,0.23,0.29,1300,12/05/2003
MQ,SI1,E,0.23,0.29,1200,12/05/2003
MQ,SI2,E,0.23,0.29,1000,12/05/2003
MQ,SI3,E,0.23,0.29,900,12/05/2003
MQ,I1,E,0.23,0.29,700,12/05/2003
MQ,I2,E,0.23,0.29,600,12/05/2003
MQ,I3,E,0.23,0.29,400,12/05/2003
MQ,IF,F,0.23,0.29,1600,12/05/2003
MQ,VVS1,F,0.23,0.29,1600,12/05/2003
MQ,VVS2,F,0.23,0.29,1600,12/05/2003
MQ,VS1,F,0.23,0.29,1300,12/05/2003
MQ,VS2,F,0.23,0.29,1300,12/05/2003
MQ,SI1,F,0.23,0.29,1200,12/05/2003
MQ,SI2,F,0.23,0.29,1000,12/05/2003
MQ,SI3,F,0.23,0.29,900,12/05/2003
MQ,I1,F,0.23,0.29,700,12/05/2003
MQ,I2,F,0.23,0.29,600,12/05/2003
MQ,I3,F,0.23,0.29,400,12/05/2003
MQ,IF,G,0.23,0.29,1400,12/05/2003
MQ,VVS1,G,0.23,0.29,1400,12/05/2003
MQ,VVS2,G,0.23,0.29,1400,12/05/2003
MQ,VS1,G,0.23,0.29,1100,12/05/2003
MQ,VS2,G,0.23,0.29,1100,12/05/2003
MQ,SI1,G,0.23,0.29,1000,12/05/2003
MQ,SI2,G,0.23,0.29,900,12/05/2003
MQ,SI3,G,0.23,0.29,800,12/05/2003
MQ,I1,G,0.23,0.29,650,12/05/2003
MQ,I2,G,0.23,0.29,550,12/05/2003
MQ,I3,G,0.23,0.29,350,12/05/2003
MQ,IF,H,0.23,0.29,1400,12/05/2003
MQ,VVS1,H,0.23,0.29,1400,12/05/2003
MQ,VVS2,H,0.23,0.29,1400,12/05/2003
MQ,VS1,H,0.23,0.29,1100,12/05/2003
MQ,VS2,H,0.23,0.29,1100,12/05/2003
MQ,SI1,H,0.23,0.29,1000,12/05/2003
MQ,SI2,H,0.23,0.29,900,12/05/2003
MQ,SI3,H,0.23,0.29,800,12/05/2003
MQ,I1,H,0.23,0.29,650,12/05/2003
MQ,I2,H,0.23,0.29,550,12/05/2003
MQ,I3,H,0.23,0.29,350,12/05/2003
MQ,IF,I,0.23,0.29,1200,12/05/2003
MQ,VVS1,I,0.23,0.29,1200,12/05/2003
MQ,VVS2,I,0.23,0.29,1200,12/05/2003
MQ,VS1,I,0.23,0.29,1000,12/05/2003
MQ,VS2,I,0.23,0.29,1000,12/05/2003
MQ,SI1,I,0.23,0.29,900,12/05/2003
MQ,SI2,I,0.23,0.29,800,12/05/2003
MQ,SI3,I,0.23,0.29,700,12/05/2003
MQ,I1,I,0.23,0.29,650,12/05/2003
MQ,I2,I,0.23,0.29,500,12/05/2003
MQ,I3,I,0.23,0.29,300,12/05/2003
MQ,IF,J,0.23,0.29,1200,12/05/2003
MQ,VVS1,J,0.23,0.29,1200,12/05/2003
MQ,VVS2,J,0.23,0.29,1200,12/05/2003
MQ,VS1,J,0.23,0.29,1000,12/05/2003
MQ,VS2,J,0.23,0.29,1000,12/05/2003
MQ,SI1,J,0.23,0.29,900,12/05/2003
MQ,SI2,J,0.23,0.29,800,12/05/2003
MQ,SI3,J,0.23,0.29,700,12/05/2003
MQ,I1,J,0.23,0.29,650,12/05/2003
MQ,I2,J,0.23,0.29,500,12/05/2003
MQ,I3,J,0.23,0.29,300,12/05/2003
MQ,IF,K,0.23,0.29,940,12/05/2003
MQ,VVS1,K,0.23,0.29,940,12/05/2003
MQ,VVS2,K,0.23,0.29,940,12/05/2003
MQ,VS1,K,0.23,0.29,890,12/05/2003
MQ,VS2,K,0.23,0.29,890,12/05/2003
MQ,SI1,K,0.23,0.29,790,12/05/2003
MQ,SI2,K,0.23,0.29,690,12/05/2003
MQ,SI3,K,0.23,0.29,640,12/05/2003
MQ,I1,K,0.23,0.29,540,12/05/2003
MQ,I2,K,0.23,0.29,440,12/05/2003
MQ,I3,K,0.23,0.29,250,12/05/2003
MQ,IF,L,0.23,0.29,940,12/05/2003
MQ,VVS1,L,0.23,0.29,940,12/05/2003
MQ,VVS2,L,0.23,0.29,940,12/05/2003
MQ,VS1,L,0.23,0.29,890,12/05/2003
MQ,VS2,L,0.23,0.29,890,12/05/2003
MQ,SI1,L,0.23,0.29,790,12/05/2003
MQ,SI2,L,0.23,0.29,690,12/05/2003
MQ,SI3,L,0.23,0.29,640,12/05/2003
MQ,I1,L,0.23,0.29,540,12/05/2003
MQ,I2,L,0.23,0.29,440,12/05/2003
MQ,I3,L,0.23,0.29,250,12/05/2003
MQ,IF,M,0.23,0.29,690,12/05/2003
MQ,VVS1,M,0.23,0.29,690,12/05/2003
MQ,VVS2,M,0.23,0.29,690,12/05/2003
MQ,VS1,M,0.23,0.29,640,12/05/2003
MQ,VS2,M,0.23,0.29,640,12/05/2003
MQ,SI1,M,0.23,0.29,590,12/05/2003
MQ,SI2,M,0.23,0.29,540,12/05/2003
MQ,SI3,M,0.23,0.29,490,12/05/2003
MQ,I1,M,0.23,0.29,440,12/05/2003
MQ,I2,M,0.23,0.29,400,12/05/2003
MQ,I3,M,0.23,0.29,220,12/05/2003
MQ,IF,N,0.23,0.29,690,12/05/2003
MQ,VVS1,N,0.23,0.29,690,12/05/2003
MQ,VVS2,N,0.23,0.29,690,12/05/2003
MQ,VS1,N,0.23,0.29,640,12/05/2003
MQ,VS2,N,0.23,0.29,640,12/05/2003
MQ,SI1,N,0.23,0.29,590,12/05/2003
MQ,SI2,N,0.23,0.29,540,12/05/2003
MQ,SI3,N,0.23,0.29,490,12/05/2003
MQ,I1,N,0.23,0.29,440,12/05/2003
MQ,I2,N,0.23,0.29,400,12/05/2003
MQ,I3,N,0.23,0.29,220,12/05/2003
MQ,IF,D,0.3,0.37,3100,12/05/2003
MQ,VVS1,D,0.3,0.37,2900,12/05/2003
MQ,VVS2,D,0.3,0.37,2600,12/05/2003
MQ,VS1,D,0.3,0.37,2400,12/05/2003
MQ,VS2,D,0.3,0.37,2000,12/05/2003
MQ,SI1,D,0.3,0.37,1800,12/05/2003
MQ,SI2,D,0.3,0.37,1500,12/05/2003
MQ,SI3,D,0.3,0.37,1300,12/05/2003
MQ,I1,D,0.3,0.37,1200,12/05/2003
MQ,I2,D,0.3,0.37,1000,12/05/2003
MQ,I3,D,0.3,0.37,700,12/05/2003
MQ,IF,E,0.3,0.37,2900,12/05/2003
MQ,VVS1,E,0.3,0.37,2700,12/05/2003
MQ,VVS2,E,0.3,0.37,2400,12/05/2003
MQ,VS1,E,0.3,0.37,2000,12/05/2003
MQ,VS2,E,0.3,0.37,1700,12/05/2003
MQ,SI1,E,0.3,0.37,1700,12/05/2003
MQ,SI2,E,0.3,0.37,1500,12/05/2003
MQ,SI3,E,0.3,0.37,1300,12/05/2003
MQ,I1,E,0.3,0.37,1100,12/05/2003
MQ,I2,E,0.3,0.37,900,12/05/2003
MQ,I3,E,0.3,0.37,600,12/05/2003
MQ,IF,F,0.3,0.37,2700,12/05/2003
MQ,VVS1,F,0.3,0.37,2500,12/05/2003
MQ,VVS2,F,0.3,0.37,2100,12/05/2003
MQ,VS1,F,0.3,0.37,1800,12/05/2003
MQ,VS2,F,0.3,0.37,1600,12/05/2003
MQ,SI1,F,0.3,0.37,1600,12/05/2003
MQ,SI2,F,0.3,0.37,1400,12/05/2003
MQ,SI3,F,0.3,0.37,1200,12/05/2003
MQ,I1,F,0.3,0.37,1000,12/05/2003
MQ,I2,F,0.3,0.37,800,12/05/2003
MQ,I3,F,0.3,0.37,600,12/05/2003
MQ,IF,G,0.3,0.37,2500,12/05/2003
MQ,VVS1,G,0.3,0.37,2200,12/05/2003
MQ,VVS2,G,0.3,0.37,1900,12/05/2003
MQ,VS1,G,0.3,0.37,1700,12/05/2003
MQ,VS2,G,0.3,0.37,1500,12/05/2003
MQ,SI1,G,0.3,0.37,1500,12/05/2003
MQ,SI2,G,0.3,0.37,1300,12/05/2003
MQ,SI3,G,0.3,0.37,1200,12/05/2003
MQ,I1,G,0.3,0.37,900,12/05/2003
MQ,I2,G,0.3,0.37,800,12/05/2003
MQ,I3,G,0.3,0.37,500,12/05/2003
MQ,IF,H,0.3,0.37,2000,12/05/2003
MQ,VVS1,H,0.3,0.37,1900,12/05/2003
MQ,VVS2,H,0.3,0.37,1700,12/05/2003
MQ,VS1,H,0.3,0.37,1600,12/05/2003
MQ,VS2,H,0.3,0.37,1400,12/05/2003
MQ,SI1,H,0.3,0.37,1400,12/05/2003
MQ,SI2,H,0.3,0.37,1200,12/05/2003
MQ,SI3,H,0.3,0.37,1100,12/05/2003
MQ,I1,H,0.3,0.37,800,12/05/2003
MQ,I2,H,0.3,0.37,700,12/05/2003
MQ,I3,H,0.3,0.37,500,12/05/2003
MQ,IF,I,0.3,0.37,1600,12/05/2003
MQ,VVS1,I,0.3,0.37,1500,12/05/2003
MQ,VVS2,I,0.3,0.37,1400,12/05/2003
MQ,VS1,I,0.3,0.37,1400,12/05/2003
MQ,VS2,I,0.3,0.37,1300,12/05/2003
MQ,SI1,I,0.3,0.37,1200,12/05/2003
MQ,SI2,I,0.3,0.37,1100,12/05/2003
MQ,SI3,I,0.3,0.37,1000,12/05/2003
MQ,I1,I,0.3,0.37,800,12/05/2003
MQ,I2,I,0.3,0.37,700,12/05/2003
MQ,I3,I,0.3,0.37,400,12/05/2003
MQ,IF,J,0.3,0.37,1300,12/05/2003
MQ,VVS1,J,0.3,0.37,1200,12/05/2003
MQ,VVS2,J,0.3,0.37,1200,12/05/2003
MQ,VS1,J,0.3,0.37,1100,12/05/2003
MQ,VS2,J,0.3,0.37,1100,12/05/2003
MQ,SI1,J,0.3,0.37,1000,12/05/2003
MQ,SI2,J,0.3,0.37,900,12/05/2003
MQ,SI3,J,0.3,0.37,800,12/05/2003
MQ,I1,J,0.3,0.37,700,12/05/2003
MQ,I2,J,0.3,0.37,600,12/05/2003
MQ,I3,J,0.3,0.37,400,12/05/2003
MQ,IF,K,0.3,0.37,1200,12/05/2003
MQ,VVS1,K,0.3,0.37,1100,12/05/2003
MQ,VVS2,K,0.3,0.37,1000,12/05/2003
MQ,VS1,K,0.3,0.37,1000,12/05/2003
MQ,VS2,K,0.3,0.37,1000,12/05/2003
MQ,SI1,K,0.3,0.37,900,12/05/2003
MQ,SI2,K,0.3,0.37,800,12/05/2003
MQ,SI3,K,0.3,0.37,700,12/05/2003
MQ,I1,K,0.3,0.37,500,12/05/2003
MQ,I2,K,0.3,0.37,500,12/05/2003
MQ,I3,K,0.3,0.37,400,12/05/2003
MQ,IF,L,0.3,0.37,1000,12/05/2003
MQ,VVS1,L,0.3,0.37,900,12/05/2003
MQ,VVS2,L,0.3,0.37,900,12/05/2003
MQ,VS1,L,0.3,0.37,800,12/05/2003
MQ,VS2,L,0.3,0.37,800,12/05/2003
MQ,SI1,L,0.3,0.37,800,12/05/2003
MQ,SI2,L,0.3,0.37,700,12/05/2003
MQ,SI3,L,0.3,0.37,600,12/05/2003
MQ,I1,L,0.3,0.37,400,12/05/2003
MQ,I2,L,0.3,0.37,400,12/05/2003
MQ,I3,L,0.3,0.37,300,12/05/2003
MQ,IF,M,0.3,0.37,800,12/05/2003
MQ,VVS1,M,0.3,0.37,800,12/05/2003
MQ,VVS2,M,0.3,0.37,800,12/05/2003
MQ,VS1,M,0.3,0.37,700,12/05/2003
MQ,VS2,M,0.3,0.37,700,12/05/2003
MQ,SI1,M,0.3,0.37,700,12/05/2003
MQ,SI2,M,0.3,0.37,600,12/05/2003
MQ,SI3,M,0.3,0.37,500,12/05/2003
MQ,I1,M,0.3,0.37,400,12/05/2003
MQ,I2,M,0.3,0.37,300,12/05/2003
MQ,I3,M,0.3,0.37,300,12/05/2003
MQ,IF,D,0.38,0.45,3500,12/05/2003
MQ,VVS1,D,0.38,0.45,3300,12/05/2003
MQ,VVS2,D,0.38,0.45,3000,12/05/2003
MQ,VS1,D,0.38,0.45,2700,12/05/2003
MQ,VS2,D,0.38,0.45,2300,12/05/2003
MQ,SI1,D,0.38,0.45,2100,12/05/2003
MQ,SI2,D,0.38,0.45,1900,12/05/2003
MQ,SI3,D,0.38,0.45,1600,12/05/2003
MQ,I1,D,0.38,0.45,1300,12/05/2003
MQ,I2,D,0.38,0.45,1100,12/05/2003
MQ,I3,D,0.38,0.45,800,12/05/2003
MQ,IF,E,0.38,0.45,3300,12/05/2003
MQ,VVS1,E,0.38,0.45,3100,12/05/2003
MQ,VVS2,E,0.38,0.45,2800,12/05/2003
MQ,VS1,E,0.38,0.45,2500,12/05/2003
MQ,VS2,E,0.38,0.45,2200,12/05/2003
MQ,SI1,E,0.38,0.45,2000,12/05/2003
MQ,SI2,E,0.38,0.45,1800,12/05/2003
MQ,SI3,E,0.38,0.45,1500,12/05/2003
MQ,I1,E,0.38,0.45,1200,12/05/2003
MQ,I2,E,0.38,0.45,1000,12/05/2003
MQ,I3,E,0.38,0.45,700,12/05/2003
MQ,IF,F,0.38,0.45,3100,12/05/2003
MQ,VVS1,F,0.38,0.45,2900,12/05/2003
MQ,VVS2,F,0.38,0.45,2500,12/05/2003
MQ,VS1,F,0.38,0.45,2300,12/05/2003
MQ,VS2,F,0.38,0.45,2100,12/05/2003
MQ,SI1,F,0.38,0.45,1900,12/05/2003
MQ,SI2,F,0.38,0.45,1700,12/05/2003
MQ,SI3,F,0.38,0.45,1400,12/05/2003
MQ,I1,F,0.38,0.45,1100,12/05/2003
MQ,I2,F,0.38,0.45,900,12/05/2003
MQ,I3,F,0.38,0.45,700,12/05/2003
MQ,IF,G,0.38,0.45,2900,12/05/2003
MQ,VVS1,G,0.38,0.45,2600,12/05/2003
MQ,VVS2,G,0.38,0.45,2300,12/05/2003
MQ,VS1,G,0.38,0.45,2100,12/05/2003
MQ,VS2,G,0.38,0.45,1900,12/05/2003
MQ,SI1,G,0.38,0.45,1800,12/05/2003
MQ,SI2,G,0.38,0.45,1500,12/05/2003
MQ,SI3,G,0.38,0.45,1300,12/05/2003
MQ,I1,G,0.38,0.45,1000,12/05/2003
MQ,I2,G,0.38,0.45,900,12/05/2003
MQ,I3,G,0.38,0.45,600,12/05/2003
MQ,IF,H,0.38,0.45,2500,12/05/2003
MQ,VVS1,H,0.38,0.45,2300,12/05/2003
MQ,VVS2,H,0.38,0.45,2000,12/05/2003
MQ,VS1,H,0.38,0.45,1900,12/05/2003
MQ,VS2,H,0.38,0.45,1800,12/05/2003
MQ,SI1,H,0.38,0.45,1700,12/05/2003
MQ,SI2,H,0.38,0.45,1400,12/05/2003
MQ,SI3,H,0.38,0.45,1200,12/05/2003
MQ,I1,H,0.38,0.45,900,12/05/2003
MQ,I2,H,0.38,0.45,800,12/05/2003
MQ,I3,H,0.38,0.45,600,12/05/2003
MQ,IF,I,0.38,0.45,2000,12/05/2003
MQ,VVS1,I,0.38,0.45,1900,12/05/2003
MQ,VVS2,I,0.38,0.45,1800,12/05/2003
MQ,VS1,I,0.38,0.45,1700,12/05/2003
MQ,VS2,I,0.38,0.45,1500,12/05/2003
MQ,SI1,I,0.38,0.45,1400,12/05/2003
MQ,SI2,I,0.38,0.45,1200,12/05/2003
MQ,SI3,I,0.38,0.45,1100,12/05/2003
MQ,I1,I,0.38,0.45,900,12/05/2003
MQ,I2,I,0.38,0.45,800,12/05/2003
MQ,I3,I,0.38,0.45,500,12/05/2003
MQ,IF,J,0.38,0.45,1600,12/05/2003
MQ,VVS1,J,0.38,0.45,1500,12/05/2003
MQ,VVS2,J,0.38,0.45,1500,12/05/2003
MQ,VS1,J,0.38,0.45,1400,12/05/2003
MQ,VS2,J,0.38,0.45,1300,12/05/2003
MQ,SI1,J,0.38,0.45,1200,12/05/2003
MQ,SI2,J,0.38,0.45,1100,12/05/2003
MQ,SI3,J,0.38,0.45,1000,12/05/2003
MQ,I1,J,0.38,0.45,800,12/05/2003
MQ,I2,J,0.38,0.45,700,12/05/2003
MQ,I3,J,0.38,0.45,500,12/05/2003
MQ,IF,K,0.38,0.45,1500,12/05/2003
MQ,VVS1,K,0.38,0.45,1400,12/05/2003
MQ,VVS2,K,0.38,0.45,1300,12/05/2003
MQ,VS1,K,0.38,0.45,1200,12/05/2003
MQ,VS2,K,0.38,0.45,1200,12/05/2003
MQ,SI1,K,0.38,0.45,1100,12/05/2003
MQ,SI2,K,0.38,0.45,900,12/05/2003
MQ,SI3,K,0.38,0.45,800,12/05/2003
MQ,I1,K,0.38,0.45,600,12/05/2003
MQ,I2,K,0.38,0.45,600,12/05/2003
MQ,I3,K,0.38,0.45,500,12/05/2003
MQ,IF,L,0.38,0.45,1200,12/05/2003
MQ,VVS1,L,0.38,0.45,1100,12/05/2003
MQ,VVS2,L,0.38,0.45,1100,12/05/2003
MQ,VS1,L,0.38,0.45,1000,12/05/2003
MQ,VS2,L,0.38,0.45,1000,12/05/2003
MQ,SI1,L,0.38,0.45,900,12/05/2003
MQ,SI2,L,0.38,0.45,800,12/05/2003
MQ,SI3,L,0.38,0.45,700,12/05/2003
MQ,I1,L,0.38,0.45,500,12/05/2003
MQ,I2,L,0.38,0.45,500,12/05/2003
MQ,I3,L,0.38,0.45,400,12/05/2003
MQ,IF,M,0.38,0.45,900,12/05/2003
MQ,VVS1,M,0.38,0.45,900,12/05/2003
MQ,VVS2,M,0.38,0.45,900,12/05/2003
MQ,VS1,M,0.38,0.45,800,12/05/2003
MQ,VS2,M,0.38,0.45,800,12/05/2003
MQ,SI1,M,0.38,0.45,800,12/05/2003
MQ,SI2,M,0.38,0.45,700,12/05/2003
MQ,SI3,M,0.38,0.45,600,12/05/2003
MQ,I1,M,0.38,0.45,500,12/05/2003
MQ,I2,M,0.38,0.45,400,12/05/2003
MQ,I3,M,0.38,0.45,400,12/05/2003
MQ,IF,D,0.46,0.49,3900,12/05/2003
MQ,VVS1,D,0.46,0.49,3500,12/05/2003
MQ,VVS2,D,0.46,0.49,3300,12/05/2003
MQ,VS1,D,0.46,0.49,3100,12/05/2003
MQ,VS2,D,0.46,0.49,2800,12/05/2003
MQ,SI1,D,0.46,0.49,2400,12/05/2003
MQ,SI2,D,0.46,0.49,2100,12/05/2003
MQ,SI3,D,0.46,0.49,1800,12/05/2003
MQ,I1,D,0.46,0.49,1600,12/05/2003
MQ,I2,D,0.46,0.49,1200,12/05/2003
MQ,I3,D,0.46,0.49,900,12/05/2003
MQ,IF,E,0.46,0.49,3500,12/05/2003
MQ,VVS1,E,0.46,0.49,3300,12/05/2003
MQ,VVS2,E,0.46,0.49,3100,12/05/2003
MQ,VS1,E,0.46,0.49,2900,12/05/2003
MQ,VS2,E,0.46,0.49,2700,12/05/2003
MQ,SI1,E,0.46,0.49,2300,12/05/2003
MQ,SI2,E,0.46,0.49,2000,12/05/2003
MQ,SI3,E,0.46,0.49,1700,12/05/2003
MQ,I1,E,0.46,0.49,1600,12/05/2003
MQ,I2,E,0.46,0.49,1200,12/05/2003
MQ,I3,E,0.46,0.49,800,12/05/2003
MQ,IF,F,0.46,0.49,3300,12/05/2003
MQ,VVS1,F,0.46,0.49,3100,12/05/2003
MQ,VVS2,F,0.46,0.49,2900,12/05/2003
MQ,VS1,F,0.46,0.49,2700,12/05/2003
MQ,VS2,F,0.46,0.49,2600,12/05/2003
MQ,SI1,F,0.46,0.49,2200,12/05/2003
MQ,SI2,F,0.46,0.49,1900,12/05/2003
MQ,SI3,F,0.46,0.49,1700,12/05/2003
MQ,I1,F,0.46,0.49,1500,12/05/2003
MQ,I2,F,0.46,0.49,1100,12/05/2003
MQ,I3,F,0.46,0.49,800,12/05/2003
MQ,IF,G,0.46,0.49,3100,12/05/2003
MQ,VVS1,G,0.46,0.49,2900,12/05/2003
MQ,VVS2,G,0.46,0.49,2800,12/05/2003
MQ,VS1,G,0.46,0.49,2600,12/05/2003
MQ,VS2,G,0.46,0.49,2400,12/05/2003
MQ,SI1,G,0.46,0.49,2100,12/05/2003
MQ,SI2,G,0.46,0.49,1800,12/05/2003
MQ,SI3,G,0.46,0.49,1600,12/05/2003
MQ,I1,G,0.46,0.49,1400,12/05/2003
MQ,I2,G,0.46,0.49,1100,12/05/2003
MQ,I3,G,0.46,0.49,700,12/05/2003
MQ,IF,H,0.46,0.49,2700,12/05/2003
MQ,VVS1,H,0.46,0.49,2600,12/05/2003
MQ,VVS2,H,0.46,0.49,2500,12/05/2003
MQ,VS1,H,0.46,0.49,2300,12/05/2003
MQ,VS2,H,0.46,0.49,2100,12/05/2003
MQ,SI1,H,0.46,0.49,1900,12/05/2003
MQ,SI2,H,0.46,0.49,1600,12/05/2003
MQ,SI3,H,0.46,0.49,1500,12/05/2003
MQ,I1,H,0.46,0.49,1300,12/05/2003
MQ,I2,H,0.46,0.49,1000,12/05/2003
MQ,I3,H,0.46,0.49,700,12/05/2003
MQ,IF,I,0.46,0.49,2300,12/05/2003
MQ,VVS1,I,0.46,0.49,2200,12/05/2003
MQ,VVS2,I,0.46,0.49,2100,12/05/2003
MQ,VS1,I,0.46,0.49,2000,12/05/2003
MQ,VS2,I,0.46,0.49,1900,12/05/2003
MQ,SI1,I,0.46,0.49,1700,12/05/2003
MQ,SI2,I,0.46,0.49,1500,12/05/2003
MQ,SI3,I,0.46,0.49,1300,12/05/2003
MQ,I1,I,0.46,0.49,1200,12/05/2003
MQ,I2,I,0.46,0.49,1000,12/05/2003
MQ,I3,I,0.46,0.49,600,12/05/2003
MQ,IF,J,0.46,0.49,1900,12/05/2003
MQ,VVS1,J,0.46,0.49,1800,12/05/2003
MQ,VVS2,J,0.46,0.49,1700,12/05/2003
MQ,VS1,J,0.46,0.49,1600,12/05/2003
MQ,VS2,J,0.46,0.49,1600,12/05/2003
MQ,SI1,J,0.46,0.49,1500,12/05/2003
MQ,SI2,J,0.46,0.49,1300,12/05/2003
MQ,SI3,J,0.46,0.49,1200,12/05/2003
MQ,I1,J,0.46,0.49,1100,12/05/2003
MQ,I2,J,0.46,0.49,900,12/05/2003
MQ,I3,J,0.46,0.49,600,12/05/2003
MQ,IF,K,0.46,0.49,1700,12/05/2003
MQ,VVS1,K,0.46,0.49,1600,12/05/2003
MQ,VVS2,K,0.46,0.49,1500,12/05/2003
MQ,VS1,K,0.46,0.49,1400,12/05/2003
MQ,VS2,K,0.46,0.49,1400,12/05/2003
MQ,SI1,K,0.46,0.49,1300,12/05/2003
MQ,SI2,K,0.46,0.49,1300,12/05/2003
MQ,SI3,K,0.46,0.49,1200,12/05/2003
MQ,I1,K,0.46,0.49,1000,12/05/2003
MQ,I2,K,0.46,0.49,800,12/05/2003
MQ,I3,K,0.46,0.49,500,12/05/2003
MQ,IF,L,0.46,0.49,1400,12/05/2003
MQ,VVS1,L,0.46,0.49,1300,12/05/2003
MQ,VVS2,L,0.46,0.49,1300,12/05/2003
MQ,VS1,L,0.46,0.49,1200,12/05/2003
MQ,VS2,L,0.46,0.49,1200,12/05/2003
MQ,SI1,L,0.46,0.49,1100,12/05/2003
MQ,SI2,L,0.46,0.49,1000,12/05/2003
MQ,SI3,L,0.46,0.49,900,12/05/2003
MQ,I1,L,0.46,0.49,700,12/05/2003
MQ,I2,L,0.46,0.49,600,12/05/2003
MQ,I3,L,0.46,0.49,500,12/05/2003
MQ,IF,M,0.46,0.49,1100,12/05/2003
MQ,VVS1,M,0.46,0.49,1100,12/05/2003
MQ,VVS2,M,0.46,0.49,1100,12/05/2003
MQ,VS1,M,0.46,0.49,1000,12/05/2003
MQ,VS2,M,0.46,0.49,1000,12/05/2003
MQ,SI1,M,0.46,0.49,1000,12/05/2003
MQ,SI2,M,0.46,0.49,900,12/05/2003
MQ,SI3,M,0.46,0.49,800,12/05/2003
MQ,I1,M,0.46,0.49,600,12/05/2003
MQ,I2,M,0.46,0.49,500,12/05/2003
MQ,I3,M,0.46,0.49,500,12/05/2003
MQ,IF,D,0.5,0.69,5200,12/05/2003
MQ,VVS1,D,0.5,0.69,4600,12/05/2003
MQ,VVS2,D,0.5,0.69,4200,12/05/2003
MQ,VS1,D,0.5,0.69,3900,12/05/2003
MQ,VS2,D,0.5,0.69,3500,12/05/2003
MQ,SI1,D,0.5,0.69,3100,12/05/2003
MQ,SI2,D,0.5,0.69,2700,12/05/2003
MQ,SI3,D,0.5,0.69,2300,12/05/2003
MQ,I1,D,0.5,0.69,1900,12/05/2003
MQ,I2,D,0.5,0.69,1400,12/05/2003
MQ,I3,D,0.5,0.69,1000,12/05/2003
MQ,IF,E,0.5,0.69,4600,12/05/2003
MQ,VVS1,E,0.5,0.69,4200,12/05/2003
MQ,VVS2,E,0.5,0.69,3900,12/05/2003
MQ,VS1,E,0.5,0.69,3500,12/05/2003
MQ,VS2,E,0.5,0.69,3200,12/05/2003
MQ,SI1,E,0.5,0.69,3000,12/05/2003
MQ,SI2,E,0.5,0.69,2600,12/05/2003
MQ,SI3,E,0.5,0.69,2200,12/05/2003
MQ,I1,E,0.5,0.69,1800,12/05/2003
MQ,I2,E,0.5,0.69,1300,12/05/2003
MQ,I3,E,0.5,0.69,900,12/05/2003
MQ,IF,F,0.5,0.69,4200,12/05/2003
MQ,VVS1,F,0.5,0.69,3900,12/05/2003
MQ,VVS2,F,0.5,0.69,3500,12/05/2003
MQ,VS1,F,0.5,0.69,3200,12/05/2003
MQ,VS2,F,0.5,0.69,3000,12/05/2003
MQ,SI1,F,0.5,0.69,2800,12/05/2003
MQ,SI2,F,0.5,0.69,2400,12/05/2003
MQ,SI3,F,0.5,0.69,2000,12/05/2003
MQ,I1,F,0.5,0.69,1700,12/05/2003
MQ,I2,F,0.5,0.69,1200,12/05/2003
MQ,I3,F,0.5,0.69,900,12/05/2003
MQ,IF,G,0.5,0.69,3800,12/05/2003
MQ,VVS1,G,0.5,0.69,3400,12/05/2003
MQ,VVS2,G,0.5,0.69,3100,12/05/2003
MQ,VS1,G,0.5,0.69,2900,12/05/2003
MQ,VS2,G,0.5,0.69,2700,12/05/2003
MQ,SI1,G,0.5,0.69,2500,12/05/2003
MQ,SI2,G,0.5,0.69,2200,12/05/2003
MQ,SI3,G,0.5,0.69,1900,12/05/2003
MQ,I1,G,0.5,0.69,1600,12/05/2003
MQ,I2,G,0.5,0.69,1200,12/05/2003
MQ,I3,G,0.5,0.69,800,12/05/2003
MQ,IF,H,0.5,0.69,3300,12/05/2003
MQ,VVS1,H,0.5,0.69,3100,12/05/2003
MQ,VVS2,H,0.5,0.69,2900,12/05/2003
MQ,VS1,H,0.5,0.69,2700,12/05/2003
MQ,VS2,H,0.5,0.69,2500,12/05/2003
MQ,SI1,H,0.5,0.69,2300,12/05/2003
MQ,SI2,H,0.5,0.69,2100,12/05/2003
MQ,SI3,H,0.5,0.69,1800,12/05/2003
MQ,I1,H,0.5,0.69,1500,12/05/2003
MQ,I2,H,0.5,0.69,1100,12/05/2003
MQ,I3,H,0.5,0.69,800,12/05/2003
MQ,IF,I,0.5,0.69,2900,12/05/2003
MQ,VVS1,I,0.5,0.69,2700,12/05/2003
MQ,VVS2,I,0.5,0.69,2600,12/05/2003
MQ,VS1,I,0.5,0.69,2400,12/05/2003
MQ,VS2,I,0.5,0.69,2300,12/05/2003
MQ,SI1,I,0.5,0.69,2200,12/05/2003
MQ,SI2,I,0.5,0.69,2000,12/05/2003
MQ,SI3,I,0.5,0.69,1700,12/05/2003
MQ,I1,I,0.5,0.69,1400,12/05/2003
MQ,I2,I,0.5,0.69,1100,12/05/2003
MQ,I3,I,0.5,0.69,700,12/05/2003
MQ,IF,J,0.5,0.69,2300,12/05/2003
MQ,VVS1,J,0.5,0.69,2200,12/05/2003
MQ,VVS2,J,0.5,0.69,2100,12/05/2003
MQ,VS1,J,0.5,0.69,2000,12/05/2003
MQ,VS2,J,0.5,0.69,2000,12/05/2003
MQ,SI1,J,0.5,0.69,1900,12/05/2003
MQ,SI2,J,0.5,0.69,1700,12/05/2003
MQ,SI3,J,0.5,0.69,1600,12/05/2003
MQ,I1,J,0.5,0.69,1300,12/05/2003
MQ,I2,J,0.5,0.69,1000,12/05/2003
MQ,I3,J,0.5,0.69,700,12/05/2003
MQ,IF,K,0.5,0.69,1900,12/05/2003
MQ,VVS1,K,0.5,0.69,1800,12/05/2003
MQ,VVS2,K,0.5,0.69,1800,12/05/2003
MQ,VS1,K,0.5,0.69,1700,12/05/2003
MQ,VS2,K,0.5,0.69,1700,12/05/2003
MQ,SI1,K,0.5,0.69,1600,12/05/2003
MQ,SI2,K,0.5,0.69,1600,12/05/2003
MQ,SI3,K,0.5,0.69,1500,12/05/2003
MQ,I1,K,0.5,0.69,1100,12/05/2003
MQ,I2,K,0.5,0.69,900,12/05/2003
MQ,I3,K,0.5,0.69,600,12/05/2003
MQ,IF,L,0.5,0.69,1600,12/05/2003
MQ,VVS1,L,0.5,0.69,1500,12/05/2003
MQ,VVS2,L,0.5,0.69,1500,12/05/2003
MQ,VS1,L,0.5,0.69,1400,12/05/2003
MQ,VS2,L,0.5,0.69,1400,12/05/2003
MQ,SI1,L,0.5,0.69,1400,12/05/2003
MQ,SI2,L,0.5,0.69,1300,12/05/2003
MQ,SI3,L,0.5,0.69,1200,12/05/2003
MQ,I1,L,0.5,0.69,800,12/05/2003
MQ,I2,L,0.5,0.69,700,12/05/2003
MQ,I3,L,0.5,0.69,600,12/05/2003
MQ,IF,M,0.5,0.69,1300,12/05/2003
MQ,VVS1,M,0.5,0.69,1300,12/05/2003
MQ,VVS2,M,0.5,0.69,1300,12/05/2003
MQ,VS1,M,0.5,0.69,1200,12/05/2003
MQ,VS2,M,0.5,0.69,1200,12/05/2003
MQ,SI1,M,0.5,0.69,1200,12/05/2003
MQ,SI2,M,0.5,0.69,1100,12/05/2003
MQ,SI3,M,0.5,0.69,1000,12/05/2003
MQ,I1,M,0.5,0.69,700,12/05/2003
MQ,I2,M,0.5,0.69,600,12/05/2003
MQ,I3,M,0.5,0.69,600,12/05/2003
MQ,IF,D,0.7,0.89,7400,12/05/2003
MQ,VVS1,D,0.7,0.89,5900,12/05/2003
MQ,VVS2,D,0.7,0.89,5600,12/05/2003
MQ,VS1,D,0.7,0.89,5400,12/05/2003
MQ,VS2,D,0.7,0.89,5200,12/05/2003
MQ,SI1,D,0.7,0.89,4800,12/05/2003
MQ,SI2,D,0.7,0.89,4300,12/05/2003
MQ,SI3,D,0.7,0.89,3500,12/05/2003
MQ,I1,D,0.7,0.89,2600,12/05/2003
MQ,I2,D,0.7,0.89,1700,12/05/2003
MQ,I3,D,0.7,0.89,1100,12/05/2003
MQ,IF,E,0.7,0.89,5900,12/05/2003
MQ,VVS1,E,0.7,0.89,5600,12/05/2003
MQ,VVS2,E,0.7,0.89,5400,12/05/2003
MQ,VS1,E,0.7,0.89,5200,12/05/2003
MQ,VS2,E,0.7,0.89,5000,12/05/2003
MQ,SI1,E,0.7,0.89,4600,12/05/2003
MQ,SI2,E,0.7,0.89,4100,12/05/2003
MQ,SI3,E,0.7,0.89,3300,12/05/2003
MQ,I1,E,0.7,0.89,2500,12/05/2003
MQ,I2,E,0.7,0.89,1600,12/05/2003
MQ,I3,E,0.7,0.89,1000,12/05/2003
MQ,IF,F,0.7,0.89,5600,12/05/2003
MQ,VVS1,F,0.7,0.89,5400,12/05/2003
MQ,VVS2,F,0.7,0.89,5200,12/05/2003
MQ,VS1,F,0.7,0.89,5000,12/05/2003
MQ,VS2,F,0.7,0.89,4800,12/05/2003
MQ,SI1,F,0.7,0.89,4400,12/05/2003
MQ,SI2,F,0.7,0.89,3900,12/05/2003
MQ,SI3,F,0.7,0.89,3100,12/05/2003
MQ,I1,F,0.7,0.89,2400,12/05/2003
MQ,I2,F,0.7,0.89,1500,12/05/2003
MQ,I3,F,0.7,0.89,1000,12/05/2003
MQ,IF,G,0.7,0.89,5300,12/05/2003
MQ,VVS1,G,0.7,0.89,5100,12/05/2003
MQ,VVS2,G,0.7,0.89,4900,12/05/2003
MQ,VS1,G,0.7,0.89,4700,12/05/2003
MQ,VS2,G,0.7,0.89,4500,12/05/2003
MQ,SI1,G,0.7,0.89,4000,12/05/2003
MQ,SI2,G,0.7,0.89,3600,12/05/2003
MQ,SI3,G,0.7,0.89,3000,12/05/2003
MQ,I1,G,0.7,0.89,2200,12/05/2003
MQ,I2,G,0.7,0.89,1500,12/05/2003
MQ,I3,G,0.7,0.89,900,12/05/2003
MQ,IF,H,0.7,0.89,4700,12/05/2003
MQ,VVS1,H,0.7,0.89,4500,12/05/2003
MQ,VVS2,H,0.7,0.89,4400,12/05/2003
MQ,VS1,H,0.7,0.89,4200,12/05/2003
MQ,VS2,H,0.7,0.89,4000,12/05/2003
MQ,SI1,H,0.7,0.89,3700,12/05/2003
MQ,SI2,H,0.7,0.89,3400,12/05/2003
MQ,SI3,H,0.7,0.89,2800,12/05/2003
MQ,I1,H,0.7,0.89,2000,12/05/2003
MQ,I2,H,0.7,0.89,1400,12/05/2003
MQ,I3,H,0.7,0.89,900,12/05/2003
MQ,IF,I,0.7,0.89,4100,12/05/2003
MQ,VVS1,I,0.7,0.89,4000,12/05/2003
MQ,VVS2,I,0.7,0.89,3900,12/05/2003
MQ,VS1,I,0.7,0.89,3800,12/05/2003
MQ,VS2,I,0.7,0.89,3600,12/05/2003
MQ,SI1,I,0.7,0.89,3400,12/05/2003
MQ,SI2,I,0.7,0.89,2800,12/05/2003
MQ,SI3,I,0.7,0.89,2500,12/05/2003
MQ,I1,I,0.7,0.89,1800,12/05/2003
MQ,I2,I,0.7,0.89,1300,12/05/2003
MQ,I3,I,0.7,0.89,800,12/05/2003
MQ,IF,J,0.7,0.89,3300,12/05/2003
MQ,VVS1,J,0.7,0.89,3200,12/05/2003
MQ,VVS2,J,0.7,0.89,3100,12/05/2003
MQ,VS1,J,0.7,0.89,3000,12/05/2003
MQ,VS2,J,0.7,0.89,3000,12/05/2003
MQ,SI1,J,0.7,0.89,2800,12/05/2003
MQ,SI2,J,0.7,0.89,2400,12/05/2003
MQ,SI3,J,0.7,0.89,2000,12/05/2003
MQ,I1,J,0.7,0.89,1600,12/05/2003
MQ,I2,J,0.7,0.89,1200,12/05/2003
MQ,I3,J,0.7,0.89,800,12/05/2003
MQ,IF,K,0.7,0.89,2800,12/05/2003
MQ,VVS1,K,0.7,0.89,2700,12/05/2003
MQ,VVS2,K,0.7,0.89,2600,12/05/2003
MQ,VS1,K,0.7,0.89,2500,12/05/2003
MQ,VS2,K,0.7,0.89,2500,12/05/2003
MQ,SI1,K,0.7,0.89,2300,12/05/2003
MQ,SI2,K,0.7,0.89,2100,12/05/2003
MQ,SI3,K,0.7,0.89,1900,12/05/2003
MQ,I1,K,0.7,0.89,1400,12/05/2003
MQ,I2,K,0.7,0.89,1100,12/05/2003
MQ,I3,K,0.7,0.89,700,12/05/2003
MQ,IF,L,0.7,0.89,2300,12/05/2003
MQ,VVS1,L,0.7,0.89,2200,12/05/2003
MQ,VVS2,L,0.7,0.89,2100,12/05/2003
MQ,VS1,L,0.7,0.89,2000,12/05/2003
MQ,VS2,L,0.7,0.89,2000,12/05/2003
MQ,SI1,L,0.7,0.89,1900,12/05/2003
MQ,SI2,L,0.7,0.89,1800,12/05/2003
MQ,SI3,L,0.7,0.89,1600,12/05/2003
MQ,I1,L,0.7,0.89,1100,12/05/2003
MQ,I2,L,0.7,0.89,900,12/05/2003
MQ,I3,L,0.7,0.89,700,12/05/2003
MQ,IF,M,0.7,0.89,1600,12/05/2003
MQ,VVS1,M,0.7,0.89,1600,12/05/2003
MQ,VVS2,M,0.7,0.89,1600,12/05/2003
MQ,VS1,M,0.7,0.89,1500,12/05/2003
MQ,VS2,M,0.7,0.89,1500,12/05/2003
MQ,SI1,M,0.7,0.89,1500,12/05/2003
MQ,SI2,M,0.7,0.89,1400,12/05/2003
MQ,SI3,M,0.7,0.89,1300,12/05/2003
MQ,I1,M,0.7,0.89,800,12/05/2003
MQ,I2,M,0.7,0.89,700,12/05/2003
MQ,I3,M,0.7,0.89,700,12/05/2003
MQ,IF,D,0.9,0.99,8800,12/05/2003
MQ,VVS1,D,0.9,0.99,6900,12/05/2003
MQ,VVS2,D,0.9,0.99,6600,12/05/2003
MQ,VS1,D,0.9,0.99,6200,12/05/2003
MQ,VS2,D,0.9,0.99,5800,12/05/2003
MQ,SI1,D,0.9,0.99,5500,12/05/2003
MQ,SI2,D,0.9,0.99,4800,12/05/2003
MQ,SI3,D,0.9,0.99,3800,12/05/2003
MQ,I1,D,0.9,0.99,2800,12/05/2003
MQ,I2,D,0.9,0.99,2000,12/05/2003
MQ,I3,D,0.9,0.99,1200,12/05/2003
MQ,IF,E,0.9,0.99,6900,12/05/2003
MQ,VVS1,E,0.9,0.99,6600,12/05/2003
MQ,VVS2,E,0.9,0.99,6200,12/05/2003
MQ,VS1,E,0.9,0.99,5900,12/05/2003
MQ,VS2,E,0.9,0.99,5600,12/05/2003
MQ,SI1,E,0.9,0.99,5300,12/05/2003
MQ,SI2,E,0.9,0.99,4600,12/05/2003
MQ,SI3,E,0.9,0.99,3600,12/05/2003
MQ,I1,E,0.9,0.99,2700,12/05/2003
MQ,I2,E,0.9,0.99,1900,12/05/2003
MQ,I3,E,0.9,0.99,1100,12/05/2003
MQ,IF,F,0.9,0.99,6600,12/05/2003
MQ,VVS1,F,0.9,0.99,6200,12/05/2003
MQ,VVS2,F,0.9,0.99,5900,12/05/2003
MQ,VS1,F,0.9,0.99,5600,12/05/2003
MQ,VS2,F,0.9,0.99,5400,12/05/2003
MQ,SI1,F,0.9,0.99,5100,12/05/2003
MQ,SI2,F,0.9,0.99,4500,12/05/2003
MQ,SI3,F,0.9,0.99,3500,12/05/2003
MQ,I1,F,0.9,0.99,2700,12/05/2003
MQ,I2,F,0.9,0.99,1800,12/05/2003
MQ,I3,F,0.9,0.99,1100,12/05/2003
MQ,IF,G,0.9,0.99,6100,12/05/2003
MQ,VVS1,G,0.9,0.99,5800,12/05/2003
MQ,VVS2,G,0.9,0.99,5600,12/05/2003
MQ,VS1,G,0.9,0.99,5400,12/05/2003
MQ,VS2,G,0.9,0.99,5100,12/05/2003
MQ,SI1,G,0.9,0.99,4700,12/05/2003
MQ,SI2,G,0.9,0.99,4200,12/05/2003
MQ,SI3,G,0.9,0.99,3400,12/05/2003
MQ,I1,G,0.9,0.99,2600,12/05/2003
MQ,I2,G,0.9,0.99,1700,12/05/2003
MQ,I3,G,0.9,0.99,1000,12/05/2003
MQ,IF,H,0.9,0.99,5300,12/05/2003
MQ,VVS1,H,0.9,0.99,5000,12/05/2003
MQ,VVS2,H,0.9,0.99,4800,12/05/2003
MQ,VS1,H,0.9,0.99,4600,12/05/2003
MQ,VS2,H,0.9,0.99,4400,12/05/2003
MQ,SI1,H,0.9,0.99,4100,12/05/2003
MQ,SI2,H,0.9,0.99,3700,12/05/2003
MQ,SI3,H,0.9,0.99,3200,12/05/2003
MQ,I1,H,0.9,0.99,2400,12/05/2003
MQ,I2,H,0.9,0.99,1700,12/05/2003
MQ,I3,H,0.9,0.99,1000,12/05/2003
MQ,IF,I,0.9,0.99,4700,12/05/2003
MQ,VVS1,I,0.9,0.99,4500,12/05/2003
MQ,VVS2,I,0.9,0.99,4400,12/05/2003
MQ,VS1,I,0.9,0.99,4200,12/05/2003
MQ,VS2,I,0.9,0.99,4000,12/05/2003
MQ,SI1,I,0.9,0.99,3800,12/05/2003
MQ,SI2,I,0.9,0.99,3300,12/05/2003
MQ,SI3,I,0.9,0.99,2800,12/05/2003
MQ,I1,I,0.9,0.99,2200,12/05/2003
MQ,I2,I,0.9,0.99,1600,12/05/2003
MQ,I3,I,0.9,0.99,900,12/05/2003
MQ,IF,J,0.9,0.99,4000,12/05/2003
MQ,VVS1,J,0.9,0.99,3900,12/05/2003
MQ,VVS2,J,0.9,0.99,3800,12/05/2003
MQ,VS1,J,0.9,0.99,3600,12/05/2003
MQ,VS2,J,0.9,0.99,3500,12/05/2003
MQ,SI1,J,0.9,0.99,3200,12/05/2003
MQ,SI2,J,0.9,0.99,2800,12/05/2003
MQ,SI3,J,0.9,0.99,2500,12/05/2003
MQ,I1,J,0.9,0.99,2000,12/05/2003
MQ,I2,J,0.9,0.99,1400,12/05/2003
MQ,I3,J,0.9,0.99,900,12/05/2003
MQ,IF,K,0.9,0.99,3200,12/05/2003
MQ,VVS1,K,0.9,0.99,3100,12/05/2003
MQ,VVS2,K,0.9,0.99,3000,12/05/2003
MQ,VS1,K,0.9,0.99,2900,12/05/2003
MQ,VS2,K,0.9,0.99,2900,12/05/2003
MQ,SI1,K,0.9,0.99,2800,12/05/2003
MQ,SI2,K,0.9,0.99,2500,12/05/2003
MQ,SI3,K,0.9,0.99,2200,12/05/2003
MQ,I1,K,0.9,0.99,1700,12/05/2003
MQ,I2,K,0.9,0.99,1200,12/05/2003
MQ,I3,K,0.9,0.99,800,12/05/2003
MQ,IF,L,0.9,0.99,2700,12/05/2003
MQ,VVS1,L,0.9,0.99,2600,12/05/2003
MQ,VVS2,L,0.9,0.99,2500,12/05/2003
MQ,VS1,L,0.9,0.99,2300,12/05/2003
MQ,VS2,L,0.9,0.99,2300,12/05/2003
MQ,SI1,L,0.9,0.99,2200,12/05/2003
MQ,SI2,L,0.9,0.99,2000,12/05/2003
MQ,SI3,L,0.9,0.99,1800,12/05/2003
MQ,I1,L,0.9,0.99,1300,12/05/2003
MQ,I2,L,0.9,0.99,1000,12/05/2003
MQ,I3,L,0.9,0.99,800,12/05/2003
MQ,IF,M,0.9,0.99,1900,12/05/2003
MQ,VVS1,M,0.9,0.99,1900,12/05/2003
MQ,VVS2,M,0.9,0.99,1900,12/05/2003
MQ,VS1,M,0.9,0.99,1800,12/05/2003
MQ,VS2,M,0.9,0.99,1800,12/05/2003
MQ,SI1,M,0.9,0.99,1800,12/05/2003
MQ,SI2,M,0.9,0.99,1700,12/05/2003
MQ,SI3,M,0.9,0.99,1500,12/05/2003
MQ,I1,M,0.9,0.99,900,12/05/2003
MQ,I2,M,0.9,0.99,800,12/05/2003
MQ,I3,M,0.9,0.99,800,12/05/2003
MQ,IF,D,1,1.49,12700,12/05/2003
MQ,VVS1,D,1,1.49,8200,12/05/2003
MQ,VVS2,D,1,1.49,7200,12/05/2003
MQ,VS1,D,1,1.49,6900,12/05/2003
MQ,VS2,D,1,1.49,6600,12/05/2003
MQ,SI1,D,1,1.49,5900,12/05/2003
MQ,SI2,D,1,1.49,5000,12/05/2003
MQ,SI3,D,1,1.49,4000,12/05/2003
MQ,I1,D,1,1.49,3100,12/05/2003
MQ,I2,D,1,1.49,2200,12/05/2003
MQ,I3,D,1,1.49,1300,12/05/2003
MQ,IF,E,1,1.49,8200,12/05/2003
MQ,VVS1,E,1,1.49,7200,12/05/2003
MQ,VVS2,E,1,1.49,6900,12/05/2003
MQ,VS1,E,1,1.49,6700,12/05/2003
MQ,VS2,E,1,1.49,6400,12/05/2003
MQ,SI1,E,1,1.49,5700,12/05/2003
MQ,SI2,E,1,1.49,4900,12/05/2003
MQ,SI3,E,1,1.49,3900,12/05/2003
MQ,I1,E,1,1.49,3000,12/05/2003
MQ,I2,E,1,1.49,2100,12/05/2003
MQ,I3,E,1,1.49,1200,12/05/2003
MQ,IF,F,1,1.49,7200,12/05/2003
MQ,VVS1,F,1,1.49,6900,12/05/2003
MQ,VVS2,F,1,1.49,6700,12/05/2003
MQ,VS1,F,1,1.49,6400,12/05/2003
MQ,VS2,F,1,1.49,6000,12/05/2003
MQ,SI1,F,1,1.49,5500,12/05/2003
MQ,SI2,F,1,1.49,4800,12/05/2003
MQ,SI3,F,1,1.49,3800,12/05/2003
MQ,I1,F,1,1.49,2900,12/05/2003
MQ,I2,F,1,1.49,2100,12/05/2003
MQ,I3,F,1,1.49,1200,12/05/2003
MQ,IF,G,1,1.49,6900,12/05/2003
MQ,VVS1,G,1,1.49,6600,12/05/2003
MQ,VVS2,G,1,1.49,6300,12/05/2003
MQ,VS1,G,1,1.49,6000,12/05/2003
MQ,VS2,G,1,1.49,5700,12/05/2003
MQ,SI1,G,1,1.49,5100,12/05/2003
MQ,SI2,G,1,1.49,4500,12/05/2003
MQ,SI3,G,1,1.49,3600,12/05/2003
MQ,I1,G,1,1.49,2700,12/05/2003
MQ,I2,G,1,1.49,2000,12/05/2003
MQ,I3,G,1,1.49,1100,12/05/2003
MQ,IF,H,1,1.49,6200,12/05/2003
MQ,VVS1,H,1,1.49,5800,12/05/2003
MQ,VVS2,H,1,1.49,5500,12/05/2003
MQ,VS1,H,1,1.49,5200,12/05/2003
MQ,VS2,H,1,1.49,4900,12/05/2003
MQ,SI1,H,1,1.49,4500,12/05/2003
MQ,SI2,H,1,1.49,4000,12/05/2003
MQ,SI3,H,1,1.49,3400,12/05/2003
MQ,I1,H,1,1.49,2600,12/05/2003
MQ,I2,H,1,1.49,1900,12/05/2003
MQ,I3,H,1,1.49,1100,12/05/2003
MQ,IF,I,1,1.49,5300,12/05/2003
MQ,VVS1,I,1,1.49,5100,12/05/2003
MQ,VVS2,I,1,1.49,4900,12/05/2003
MQ,VS1,I,1,1.49,4700,12/05/2003
MQ,VS2,I,1,1.49,4400,12/05/2003
MQ,SI1,I,1,1.49,4100,12/05/2003
MQ,SI2,I,1,1.49,3600,12/05/2003
MQ,SI3,I,1,1.49,3100,12/05/2003
MQ,I1,I,1,1.49,2500,12/05/2003
MQ,I2,I,1,1.49,1800,12/05/2003
MQ,I3,I,1,1.49,1000,12/05/2003
MQ,IF,J,1,1.49,4500,12/05/2003
MQ,VVS1,J,1,1.49,4300,12/05/2003
MQ,VVS2,J,1,1.49,4100,12/05/2003
MQ,VS1,J,1,1.49,3900,12/05/2003
MQ,VS2,J,1,1.49,3800,12/05/2003
MQ,SI1,J,1,1.49,3600,12/05/2003
MQ,SI2,J,1,1.49,3100,12/05/2003
MQ,SI3,J,1,1.49,2700,12/05/2003
MQ,I1,J,1,1.49,2200,12/05/2003
MQ,I2,J,1,1.49,1500,12/05/2003
MQ,I3,J,1,1.49,1000,12/05/2003
MQ,IF,K,1,1.49,3700,12/05/2003
MQ,VVS1,K,1,1.49,3600,12/05/2003
MQ,VVS2,K,1,1.49,3500,12/05/2003
MQ,VS1,K,1,1.49,3400,12/05/2003
MQ,VS2,K,1,1.49,3300,12/05/2003
MQ,SI1,K,1,1.49,3100,12/05/2003
MQ,SI2,K,1,1.49,2800,12/05/2003
MQ,SI3,K,1,1.49,2500,12/05/2003
MQ,I1,K,1,1.49,2000,12/05/2003
MQ,I2,K,1,1.49,1300,12/05/2003
MQ,I3,K,1,1.49,900,12/05/2003
MQ,IF,L,1,1.49,3200,12/05/2003
MQ,VVS1,L,1,1.49,3100,12/05/2003
MQ,VVS2,L,1,1.49,3000,12/05/2003
MQ,VS1,L,1,1.49,2900,12/05/2003
MQ,VS2,L,1,1.49,2800,12/05/2003
MQ,SI1,L,1,1.49,2600,12/05/2003
MQ,SI2,L,1,1.49,2300,12/05/2003
MQ,SI3,L,1,1.49,2000,12/05/2003
MQ,I1,L,1,1.49,1600,12/05/2003
MQ,I2,L,1,1.49,1100,12/05/2003
MQ,I3,L,1,1.49,900,12/05/2003
MQ,IF,M,1,1.49,2500,12/05/2003
MQ,VVS1,M,1,1.49,2500,12/05/2003
MQ,VVS2,M,1,1.49,2300,12/05/2003
MQ,VS1,M,1,1.49,2200,12/05/2003
MQ,VS2,M,1,1.49,2200,12/05/2003
MQ,SI1,M,1,1.49,2000,12/05/2003
MQ,SI2,M,1,1.49,1800,12/05/2003
MQ,SI3,M,1,1.49,1700,12/05/2003
MQ,I1,M,1,1.49,1200,12/05/2003
MQ,I2,M,1,1.49,1000,12/05/2003
MQ,I3,M,1,1.49,800,12/05/2003
MQ,IF,D,1.5,1.99,14800,12/05/2003
MQ,VVS1,D,1.5,1.99,9900,12/05/2003
MQ,VVS2,D,1.5,1.99,8900,12/05/2003
MQ,VS1,D,1.5,1.99,8600,12/05/2003
MQ,VS2,D,1.5,1.99,8200,12/05/2003
MQ,SI1,D,1.5,1.99,7600,12/05/2003
MQ,SI2,D,1.5,1.99,6500,12/05/2003
MQ,SI3,D,1.5,1.99,5200,12/05/2003
MQ,I1,D,1.5,1.99,4000,12/05/2003
MQ,I2,D,1.5,1.99,2400,12/05/2003
MQ,I3,D,1.5,1.99,1400,12/05/2003
MQ,IF,E,1.5,1.99,9900,12/05/2003
MQ,VVS1,E,1.5,1.99,8900,12/05/2003
MQ,VVS2,E,1.5,1.99,8600,12/05/2003
MQ,VS1,E,1.5,1.99,8200,12/05/2003
MQ,VS2,E,1.5,1.99,7900,12/05/2003
MQ,SI1,E,1.5,1.99,7400,12/05/2003
MQ,SI2,E,1.5,1.99,6400,12/05/2003
MQ,SI3,E,1.5,1.99,5100,12/05/2003
MQ,I1,E,1.5,1.99,3900,12/05/2003
MQ,I2,E,1.5,1.99,2300,12/05/2003
MQ,I3,E,1.5,1.99,1300,12/05/2003
MQ,IF,F,1.5,1.99,8900,12/05/2003
MQ,VVS1,F,1.5,1.99,8500,12/05/2003
MQ,VVS2,F,1.5,1.99,8200,12/05/2003
MQ,VS1,F,1.5,1.99,7900,12/05/2003
MQ,VS2,F,1.5,1.99,7600,12/05/2003
MQ,SI1,F,1.5,1.99,7100,12/05/2003
MQ,SI2,F,1.5,1.99,6100,12/05/2003
MQ,SI3,F,1.5,1.99,4900,12/05/2003
MQ,I1,F,1.5,1.99,3700,12/05/2003
MQ,I2,F,1.5,1.99,2200,12/05/2003
MQ,I3,F,1.5,1.99,1300,12/05/2003
MQ,IF,G,1.5,1.99,8400,12/05/2003
MQ,VVS1,G,1.5,1.99,8100,12/05/2003
MQ,VVS2,G,1.5,1.99,7700,12/05/2003
MQ,VS1,G,1.5,1.99,7400,12/05/2003
MQ,VS2,G,1.5,1.99,7100,12/05/2003
MQ,SI1,G,1.5,1.99,6400,12/05/2003
MQ,SI2,G,1.5,1.99,5700,12/05/2003
MQ,SI3,G,1.5,1.99,4700,12/05/2003
MQ,I1,G,1.5,1.99,3600,12/05/2003
MQ,I2,G,1.5,1.99,2100,12/05/2003
MQ,I3,G,1.5,1.99,1200,12/05/2003
MQ,IF,H,1.5,1.99,7400,12/05/2003
MQ,VVS1,H,1.5,1.99,7100,12/05/2003
MQ,VVS2,H,1.5,1.99,6800,12/05/2003
MQ,VS1,H,1.5,1.99,6500,12/05/2003
MQ,VS2,H,1.5,1.99,6200,12/05/2003
MQ,SI1,H,1.5,1.99,5600,12/05/2003
MQ,SI2,H,1.5,1.99,5000,12/05/2003
MQ,SI3,H,1.5,1.99,4200,12/05/2003
MQ,I1,H,1.5,1.99,3200,12/05/2003
MQ,I2,H,1.5,1.99,2000,12/05/2003
MQ,I3,H,1.5,1.99,1200,12/05/2003
MQ,IF,I,1.5,1.99,6400,12/05/2003
MQ,VVS1,I,1.5,1.99,6200,12/05/2003
MQ,VVS2,I,1.5,1.99,6000,12/05/2003
MQ,VS1,I,1.5,1.99,5700,12/05/2003
MQ,VS2,I,1.5,1.99,5500,12/05/2003
MQ,SI1,I,1.5,1.99,5100,12/05/2003
MQ,SI2,I,1.5,1.99,4400,12/05/2003
MQ,SI3,I,1.5,1.99,3800,12/05/2003
MQ,I1,I,1.5,1.99,3000,12/05/2003
MQ,I2,I,1.5,1.99,1900,12/05/2003
MQ,I3,I,1.5,1.99,1100,12/05/2003
MQ,IF,J,1.5,1.99,5100,12/05/2003
MQ,VVS1,J,1.5,1.99,5000,12/05/2003
MQ,VVS2,J,1.5,1.99,4800,12/05/2003
MQ,VS1,J,1.5,1.99,4600,12/05/2003
MQ,VS2,J,1.5,1.99,4500,12/05/2003
MQ,SI1,J,1.5,1.99,4200,12/05/2003
MQ,SI2,J,1.5,1.99,3600,12/05/2003
MQ,SI3,J,1.5,1.99,3100,12/05/2003
MQ,I1,J,1.5,1.99,2500,12/05/2003
MQ,I2,J,1.5,1.99,1700,12/05/2003
MQ,I3,J,1.5,1.99,1100,12/05/2003
MQ,IF,K,1.5,1.99,4300,12/05/2003
MQ,VVS1,K,1.5,1.99,4200,12/05/2003
MQ,VVS2,K,1.5,1.99,4100,12/05/2003
MQ,VS1,K,1.5,1.99,3900,12/05/2003
MQ,VS2,K,1.5,1.99,3800,12/05/2003
MQ,SI1,K,1.5,1.99,3600,12/05/2003
MQ,SI2,K,1.5,1.99,3200,12/05/2003
MQ,SI3,K,1.5,1.99,2700,12/05/2003
MQ,I1,K,1.5,1.99,2200,12/05/2003
MQ,I2,K,1.5,1.99,1500,12/05/2003
MQ,I3,K,1.5,1.99,1000,12/05/2003
MQ,IF,L,1.5,1.99,3600,12/05/2003
MQ,VVS1,L,1.5,1.99,3500,12/05/2003
MQ,VVS2,L,1.5,1.99,3400,12/05/2003
MQ,VS1,L,1.5,1.99,3300,12/05/2003
MQ,VS2,L,1.5,1.99,3100,12/05/2003
MQ,SI1,L,1.5,1.99,2900,12/05/2003
MQ,SI2,L,1.5,1.99,2600,12/05/2003
MQ,SI3,L,1.5,1.99,2200,12/05/2003
MQ,I1,L,1.5,1.99,1800,12/05/2003
MQ,I2,L,1.5,1.99,1300,12/05/2003
MQ,I3,L,1.5,1.99,900,12/05/2003
MQ,IF,M,1.5,1.99,2800,12/05/2003
MQ,VVS1,M,1.5,1.99,2800,12/05/2003
MQ,VVS2,M,1.5,1.99,2700,12/05/2003
MQ,VS1,M,1.5,1.99,2600,12/05/2003
MQ,VS2,M,1.5,1.99,2500,12/05/2003
MQ,SI1,M,1.5,1.99,2300,12/05/2003
MQ,SI2,M,1.5,1.99,2100,12/05/2003
MQ,SI3,M,1.5,1.99,1900,12/05/2003
MQ,I1,M,1.5,1.99,1400,12/05/2003
MQ,I2,M,1.5,1.99,1200,12/05/2003
MQ,I3,M,1.5,1.99,800,12/05/2003
MQ,IF,D,2,2.99,21000,12/05/2003
MQ,VVS1,D,2,2.99,14500,12/05/2003
MQ,VVS2,D,2,2.99,13100,12/05/2003
MQ,VS1,D,2,2.99,12000,12/05/2003
MQ,VS2,D,2,2.99,11100,12/05/2003
MQ,SI1,D,2,2.99,9000,12/05/2003
MQ,SI2,D,2,2.99,6900,12/05/2003
MQ,SI3,D,2,2.99,5600,12/05/2003
MQ,I1,D,2,2.99,4400,12/05/2003
MQ,I2,D,2,2.99,2500,12/05/2003
MQ,I3,D,2,2.99,1500,12/05/2003
MQ,IF,E,2,2.99,14500,12/05/2003
MQ,VVS1,E,2,2.99,13100,12/05/2003
MQ,VVS2,E,2,2.99,12000,12/05/2003
MQ,VS1,E,2,2.99,11200,12/05/2003
MQ,VS2,E,2,2.99,10000,12/05/2003
MQ,SI1,E,2,2.99,8700,12/05/2003
MQ,SI2,E,2,2.99,6700,12/05/2003
MQ,SI3,E,2,2.99,5400,12/05/2003
MQ,I1,E,2,2.99,4300,12/05/2003
MQ,I2,E,2,2.99,2400,12/05/2003
MQ,I3,E,2,2.99,1400,12/05/2003
MQ,IF,F,2,2.99,13100,12/05/2003
MQ,VVS1,F,2,2.99,11900,12/05/2003
MQ,VVS2,F,2,2.99,11200,12/05/2003
MQ,VS1,F,2,2.99,10000,12/05/2003
MQ,VS2,F,2,2.99,9400,12/05/2003
MQ,SI1,F,2,2.99,8300,12/05/2003
MQ,SI2,F,2,2.99,6500,12/05/2003
MQ,SI3,F,2,2.99,5200,12/05/2003
MQ,I1,F,2,2.99,4100,12/05/2003
MQ,I2,F,2,2.99,2300,12/05/2003
MQ,I3,F,2,2.99,1400,12/05/2003
MQ,IF,G,2,2.99,11600,12/05/2003
MQ,VVS1,G,2,2.99,11100,12/05/2003
MQ,VVS2,G,2,2.99,9800,12/05/2003
MQ,VS1,G,2,2.99,9200,12/05/2003
MQ,VS2,G,2,2.99,8500,12/05/2003
MQ,SI1,G,2,2.99,7400,12/05/2003
MQ,SI2,G,2,2.99,6100,12/05/2003
MQ,SI3,G,2,2.99,4900,12/05/2003
MQ,I1,G,2,2.99,3900,12/05/2003
MQ,I2,G,2,2.99,2200,12/05/2003
MQ,I3,G,2,2.99,1300,12/05/2003
MQ,IF,H,2,2.99,10500,12/05/2003
MQ,VVS1,H,2,2.99,9300,12/05/2003
MQ,VVS2,H,2,2.99,8200,12/05/2003
MQ,VS1,H,2,2.99,7800,12/05/2003
MQ,VS2,H,2,2.99,7000,12/05/2003
MQ,SI1,H,2,2.99,6200,12/05/2003
MQ,SI2,H,2,2.99,5200,12/05/2003
MQ,SI3,H,2,2.99,4400,12/05/2003
MQ,I1,H,2,2.99,3500,12/05/2003
MQ,I2,H,2,2.99,2100,12/05/2003
MQ,I3,H,2,2.99,1200,12/05/2003
MQ,IF,I,2,2.99,8000,12/05/2003
MQ,VVS1,I,2,2.99,7800,12/05/2003
MQ,VVS2,I,2,2.99,7300,12/05/2003
MQ,VS1,I,2,2.99,6600,12/05/2003
MQ,VS2,I,2,2.99,6000,12/05/2003
MQ,SI1,I,2,2.99,5400,12/05/2003
MQ,SI2,I,2,2.99,4800,12/05/2003
MQ,SI3,I,2,2.99,4100,12/05/2003
MQ,I1,I,2,2.99,3200,12/05/2003
MQ,I2,I,2,2.99,2000,12/05/2003
MQ,I3,I,2,2.99,1200,12/05/2003
MQ,IF,J,2,2.99,6100,12/05/2003
MQ,VVS1,J,2,2.99,5800,12/05/2003
MQ,VVS2,J,2,2.99,5500,12/05/2003
MQ,VS1,J,2,2.99,5100,12/05/2003
MQ,VS2,J,2,2.99,4800,12/05/2003
MQ,SI1,J,2,2.99,4500,12/05/2003
MQ,SI2,J,2,2.99,3900,12/05/2003
MQ,SI3,J,2,2.99,3300,12/05/2003
MQ,I1,J,2,2.99,2600,12/05/2003
MQ,I2,J,2,2.99,1800,12/05/2003
MQ,I3,J,2,2.99,1100,12/05/2003
MQ,IF,K,2,2.99,4900,12/05/2003
MQ,VVS1,K,2,2.99,4700,12/05/2003
MQ,VVS2,K,2,2.99,4500,12/05/2003
MQ,VS1,K,2,2.99,4300,12/05/2003
MQ,VS2,K,2,2.99,4200,12/05/2003
MQ,SI1,K,2,2.99,3900,12/05/2003
MQ,SI2,K,2,2.99,3500,12/05/2003
MQ,SI3,K,2,2.99,2900,12/05/2003
MQ,I1,K,2,2.99,2300,12/05/2003
MQ,I2,K,2,2.99,1700,12/05/2003
MQ,I3,K,2,2.99,1100,12/05/2003
MQ,IF,L,2,2.99,4000,12/05/2003
MQ,VVS1,L,2,2.99,3800,12/05/2003
MQ,VVS2,L,2,2.99,3600,12/05/2003
MQ,VS1,L,2,2.99,3400,12/05/2003
MQ,VS2,L,2,2.99,3300,12/05/2003
MQ,SI1,L,2,2.99,3100,12/05/2003
MQ,SI2,L,2,2.99,2900,12/05/2003
MQ,SI3,L,2,2.99,2400,12/05/2003
MQ,I1,L,2,2.99,1900,12/05/2003
MQ,I2,L,2,2.99,1500,12/05/2003
MQ,I3,L,2,2.99,1000,12/05/2003
MQ,IF,M,2,2.99,3200,12/05/2003
MQ,VVS1,M,2,2.99,3100,12/05/2003
MQ,VVS2,M,2,2.99,2900,12/05/2003
MQ,VS1,M,2,2.99,2800,12/05/2003
MQ,VS2,M,2,2.99,2700,12/05/2003
MQ,SI1,M,2,2.99,2600,12/05/2003
MQ,SI2,M,2,2.99,2400,12/05/2003
MQ,SI3,M,2,2.99,2100,12/05/2003
MQ,I1,M,2,2.99,1600,12/05/2003
MQ,I2,M,2,2.99,1400,12/05/2003
MQ,I3,M,2,2.99,800,12/05/2003
MQ,IF,D,3,3.99,29100,12/05/2003
MQ,VVS1,D,3,3.99,21000,12/05/2003
MQ,VVS2,D,3,3.99,18200,12/05/2003
MQ,VS1,D,3,3.99,16400,12/05/2003
MQ,VS2,D,3,3.99,14600,12/05/2003
MQ,SI1,D,3,3.99,12400,12/05/2003
MQ,SI2,D,3,3.99,8600,12/05/2003
MQ,SI3,D,3,3.99,7800,12/05/2003
MQ,I1,D,3,3.99,6700,12/05/2003
MQ,I2,D,3,3.99,3300,12/05/2003
MQ,I3,D,3,3.99,1900,12/05/2003
MQ,IF,E,3,3.99,21000,12/05/2003
MQ,VVS1,E,3,3.99,18200,12/05/2003
MQ,VVS2,E,3,3.99,16400,12/05/2003
MQ,VS1,E,3,3.99,14600,12/05/2003
MQ,VS2,E,3,3.99,13400,12/05/2003
MQ,SI1,E,3,3.99,11600,12/05/2003
MQ,SI2,E,3,3.99,8100,12/05/2003
MQ,SI3,E,3,3.99,7400,12/05/2003
MQ,I1,E,3,3.99,6200,12/05/2003
MQ,I2,E,3,3.99,3100,12/05/2003
MQ,I3,E,3,3.99,1800,12/05/2003
MQ,IF,F,3,3.99,18200,12/05/2003
MQ,VVS1,F,3,3.99,16300,12/05/2003
MQ,VVS2,F,3,3.99,14600,12/05/2003
MQ,VS1,F,3,3.99,13400,12/05/2003
MQ,VS2,F,3,3.99,12500,12/05/2003
MQ,SI1,F,3,3.99,10800,12/05/2003
MQ,SI2,F,3,3.99,7800,12/05/2003
MQ,SI3,F,3,3.99,6900,12/05/2003
MQ,I1,F,3,3.99,5800,12/05/2003
MQ,I2,F,3,3.99,2900,12/05/2003
MQ,I3,F,3,3.99,1700,12/05/2003
MQ,IF,G,3,3.99,16200,12/05/2003
MQ,VVS1,G,3,3.99,14500,12/05/2003
MQ,VVS2,G,3,3.99,13200,12/05/2003
MQ,VS1,G,3,3.99,12300,12/05/2003
MQ,VS2,G,3,3.99,10800,12/05/2003
MQ,SI1,G,3,3.99,9400,12/05/2003
MQ,SI2,G,3,3.99,7500,12/05/2003
MQ,SI3,G,3,3.99,6500,12/05/2003
MQ,I1,G,3,3.99,5500,12/05/2003
MQ,I2,G,3,3.99,2700,12/05/2003
MQ,I3,G,3,3.99,1600,12/05/2003
MQ,IF,H,3,3.99,13800,12/05/2003
MQ,VVS1,H,3,3.99,12800,12/05/2003
MQ,VVS2,H,3,3.99,11300,12/05/2003
MQ,VS1,H,3,3.99,10500,12/05/2003
MQ,VS2,H,3,3.99,9100,12/05/2003
MQ,SI1,H,3,3.99,7700,12/05/2003
MQ,SI2,H,3,3.99,6900,12/05/2003
MQ,SI3,H,3,3.99,5800,12/05/2003
MQ,I1,H,3,3.99,4800,12/05/2003
MQ,I2,H,3,3.99,2500,12/05/2003
MQ,I3,H,3,3.99,1500,12/05/2003
MQ,IF,I,3,3.99,11200,12/05/2003
MQ,VVS1,I,3,3.99,10400,12/05/2003
MQ,VVS2,I,3,3.99,9900,12/05/2003
MQ,VS1,I,3,3.99,9100,12/05/2003
MQ,VS2,I,3,3.99,7700,12/05/2003
MQ,SI1,I,3,3.99,7000,12/05/2003
MQ,SI2,I,3,3.99,5900,12/05/2003
MQ,SI3,I,3,3.99,5100,12/05/2003
MQ,I1,I,3,3.99,4400,12/05/2003
MQ,I2,I,3,3.99,2300,12/05/2003
MQ,I3,I,3,3.99,1400,12/05/2003
MQ,IF,J,3,3.99,8000,12/05/2003
MQ,VVS1,J,3,3.99,7800,12/05/2003
MQ,VVS2,J,3,3.99,7300,12/05/2003
MQ,VS1,J,3,3.99,6800,12/05/2003
MQ,VS2,J,3,3.99,6500,12/05/2003
MQ,SI1,J,3,3.99,5700,12/05/2003
MQ,SI2,J,3,3.99,4800,12/05/2003
MQ,SI3,J,3,3.99,4200,12/05/2003
MQ,I1,J,3,3.99,3500,12/05/2003
MQ,I2,J,3,3.99,2100,12/05/2003
MQ,I3,J,3,3.99,1300,12/05/2003
MQ,IF,K,3,3.99,6400,12/05/2003
MQ,VVS1,K,3,3.99,6200,12/05/2003
MQ,VVS2,K,3,3.99,5800,12/05/2003
MQ,VS1,K,3,3.99,5400,12/05/2003
MQ,VS2,K,3,3.99,5200,12/05/2003
MQ,SI1,K,3,3.99,4800,12/05/2003
MQ,SI2,K,3,3.99,4200,12/05/2003
MQ,SI3,K,3,3.99,3700,12/05/2003
MQ,I1,K,3,3.99,3100,12/05/2003
MQ,I2,K,3,3.99,1900,12/05/2003
MQ,I3,K,3,3.99,1200,12/05/2003
MQ,IF,L,3,3.99,5100,12/05/2003
MQ,VVS1,L,3,3.99,4900,12/05/2003
MQ,VVS2,L,3,3.99,4700,12/05/2003
MQ,VS1,L,3,3.99,4400,12/05/2003
MQ,VS2,L,3,3.99,4300,12/05/2003
MQ,SI1,L,3,3.99,3900,12/05/2003
MQ,SI2,L,3,3.99,3500,12/05/2003
MQ,SI3,L,3,3.99,3000,12/05/2003
MQ,I1,L,3,3.99,2500,12/05/2003
MQ,I2,L,3,3.99,1700,12/05/2003
MQ,I3,L,3,3.99,1100,12/05/2003
MQ,IF,M,3,3.99,3700,12/05/2003
MQ,VVS1,M,3,3.99,3500,12/05/2003
MQ,VVS2,M,3,3.99,3400,12/05/2003
MQ,VS1,M,3,3.99,3200,12/05/2003
MQ,VS2,M,3,3.99,3100,12/05/2003
MQ,SI1,M,3,3.99,2900,12/05/2003
MQ,SI2,M,3,3.99,2600,12/05/2003
MQ,SI3,M,3,3.99,2300,12/05/2003
MQ,I1,M,3,3.99,2000,12/05/2003
MQ,I2,M,3,3.99,1600,12/05/2003
MQ,I3,M,3,3.99,900,12/05/2003
MQ,IF,D,4,4.99,31400,12/05/2003
MQ,VVS1,D,4,4.99,23100,12/05/2003
MQ,VVS2,D,4,4.99,20300,12/05/2003
MQ,VS1,D,4,4.99,18300,12/05/2003
MQ,VS2,D,4,4.99,16500,12/05/2003
MQ,SI1,D,4,4.99,13700,12/05/2003
MQ,SI2,D,4,4.99,9800,12/05/2003
MQ,SI3,D,4,4.99,8600,12/05/2003
MQ,I1,D,4,4.99,7400,12/05/2003
MQ,I2,D,4,4.99,3800,12/05/2003
MQ,I3,D,4,4.99,2000,12/05/2003
MQ,IF,E,4,4.99,23100,12/05/2003
MQ,VVS1,E,4,4.99,20300,12/05/2003
MQ,VVS2,E,4,4.99,18300,12/05/2003
MQ,VS1,E,4,4.99,16500,12/05/2003
MQ,VS2,E,4,4.99,14800,12/05/2003
MQ,SI1,E,4,4.99,13000,12/05/2003
MQ,SI2,E,4,4.99,9300,12/05/2003
MQ,SI3,E,4,4.99,8100,12/05/2003
MQ,I1,E,4,4.99,6900,12/05/2003
MQ,I2,E,4,4.99,3500,12/05/2003
MQ,I3,E,4,4.99,1900,12/05/2003
MQ,IF,F,4,4.99,20300,12/05/2003
MQ,VVS1,F,4,4.99,18300,12/05/2003
MQ,VVS2,F,4,4.99,16500,12/05/2003
MQ,VS1,F,4,4.99,14800,12/05/2003
MQ,VS2,F,4,4.99,13600,12/05/2003
MQ,SI1,F,4,4.99,12000,12/05/2003
MQ,SI2,F,4,4.99,8900,12/05/2003
MQ,SI3,F,4,4.99,7700,12/05/2003
MQ,I1,F,4,4.99,6500,12/05/2003
MQ,I2,F,4,4.99,3300,12/05/2003
MQ,I3,F,4,4.99,1800,12/05/2003
MQ,IF,G,4,4.99,18200,12/05/2003
MQ,VVS1,G,4,4.99,16300,12/05/2003
MQ,VVS2,G,4,4.99,14500,12/05/2003
MQ,VS1,G,4,4.99,13400,12/05/2003
MQ,VS2,G,4,4.99,12000,12/05/2003
MQ,SI1,G,4,4.99,10500,12/05/2003
MQ,SI2,G,4,4.99,8500,12/05/2003
MQ,SI3,G,4,4.99,7200,12/05/2003
MQ,I1,G,4,4.99,6100,12/05/2003
MQ,I2,G,4,4.99,3100,12/05/2003
MQ,I3,G,4,4.99,1700,12/05/2003
MQ,IF,H,4,4.99,15200,12/05/2003
MQ,VVS1,H,4,4.99,13900,12/05/2003
MQ,VVS2,H,4,4.99,12400,12/05/2003
MQ,VS1,H,4,4.99,11400,12/05/2003
MQ,VS2,H,4,4.99,10000,12/05/2003
MQ,SI1,H,4,4.99,8900,12/05/2003
MQ,SI2,H,4,4.99,7400,12/05/2003
MQ,SI3,H,4,4.99,6400,12/05/2003
MQ,I1,H,4,4.99,5400,12/05/2003
MQ,I2,H,4,4.99,2900,12/05/2003
MQ,I3,H,4,4.99,1600,12/05/2003
MQ,IF,I,4,4.99,11800,12/05/2003
MQ,VVS1,I,4,4.99,11000,12/05/2003
MQ,VVS2,I,4,4.99,10500,12/05/2003
MQ,VS1,I,4,4.99,9900,12/05/2003
MQ,VS2,I,4,4.99,8900,12/05/2003
MQ,SI1,I,4,4.99,8000,12/05/2003
MQ,SI2,I,4,4.99,6400,12/05/2003
MQ,SI3,I,4,4.99,5500,12/05/2003
MQ,I1,I,4,4.99,4700,12/05/2003
MQ,I2,I,4,4.99,2700,12/05/2003
MQ,I3,I,4,4.99,1500,12/05/2003
MQ,IF,J,4,4.99,8700,12/05/2003
MQ,VVS1,J,4,4.99,8300,12/05/2003
MQ,VVS2,J,4,4.99,7900,12/05/2003
MQ,VS1,J,4,4.99,7400,12/05/2003
MQ,VS2,J,4,4.99,7000,12/05/2003
MQ,SI1,J,4,4.99,6400,12/05/2003
MQ,SI2,J,4,4.99,5400,12/05/2003
MQ,SI3,J,4,4.99,4800,12/05/2003
MQ,I1,J,4,4.99,4000,12/05/2003
MQ,I2,J,4,4.99,2500,12/05/2003
MQ,I3,J,4,4.99,1400,12/05/2003
MQ,IF,K,4,4.99,7100,12/05/2003
MQ,VVS1,K,4,4.99,6700,12/05/2003
MQ,VVS2,K,4,4.99,6300,12/05/2003
MQ,VS1,K,4,4.99,6000,12/05/2003
MQ,VS2,K,4,4.99,5800,12/05/2003
MQ,SI1,K,4,4.99,5400,12/05/2003
MQ,SI2,K,4,4.99,4900,12/05/2003
MQ,SI3,K,4,4.99,4300,12/05/2003
MQ,I1,K,4,4.99,3600,12/05/2003
MQ,I2,K,4,4.99,2200,12/05/2003
MQ,I3,K,4,4.99,1300,12/05/2003
MQ,IF,L,4,4.99,5600,12/05/2003
MQ,VVS1,L,4,4.99,5400,12/05/2003
MQ,VVS2,L,4,4.99,5200,12/05/2003
MQ,VS1,L,4,4.99,4900,12/05/2003
MQ,VS2,L,4,4.99,4800,12/05/2003
MQ,SI1,L,4,4.99,4500,12/05/2003
MQ,SI2,L,4,4.99,3800,12/05/2003
MQ,SI3,L,4,4.99,3400,12/05/2003
MQ,I1,L,4,4.99,2900,12/05/2003
MQ,I2,L,4,4.99,2000,12/05/2003
MQ,I3,L,4,4.99,1200,12/05/2003
MQ,IF,M,4,4.99,4400,12/05/2003
MQ,VVS1,M,4,4.99,4100,12/05/2003
MQ,VVS2,M,4,4.99,4000,12/05/2003
MQ,VS1,M,4,4.99,3800,12/05/2003
MQ,VS2,M,4,4.99,3700,12/05/2003
MQ,SI1,M,4,4.99,3500,12/05/2003
MQ,SI2,M,4,4.99,3000,12/05/2003
MQ,SI3,M,4,4.99,2600,12/05/2003
MQ,I1,M,4,4.99,2300,12/05/2003
MQ,I2,M,4,4.99,1800,12/05/2003
MQ,I3,M,4,4.99,1000,12/05/2003
MQ,IF,D,5,5.99,43500,12/05/2003
MQ,VVS1,D,5,5.99,30400,12/05/2003
MQ,VVS2,D,5,5.99,27400,12/05/2003
MQ,VS1,D,5,5.99,24800,12/05/2003
MQ,VS2,D,5,5.99,22400,12/05/2003
MQ,SI1,D,5,5.99,18400,12/05/2003
MQ,SI2,D,5,5.99,12500,12/05/2003
MQ,SI3,D,5,5.99,10400,12/05/2003
MQ,I1,D,5,5.99,8000,12/05/2003
MQ,I2,D,5,5.99,4200,12/05/2003
MQ,I3,D,5,5.99,2300,12/05/2003
MQ,IF,E,5,5.99,30400,12/05/2003
MQ,VVS1,E,5,5.99,27400,12/05/2003
MQ,VVS2,E,5,5.99,24800,12/05/2003
MQ,VS1,E,5,5.99,22400,12/05/2003
MQ,VS2,E,5,5.99,20300,12/05/2003
MQ,SI1,E,5,5.99,17000,12/05/2003
MQ,SI2,E,5,5.99,12000,12/05/2003
MQ,SI3,E,5,5.99,9900,12/05/2003
MQ,I1,E,5,5.99,7500,12/05/2003
MQ,I2,E,5,5.99,4000,12/05/2003
MQ,I3,E,5,5.99,2100,12/05/2003
MQ,IF,F,5,5.99,27400,12/05/2003
MQ,VVS1,F,5,5.99,24800,12/05/2003
MQ,VVS2,F,5,5.99,22400,12/05/2003
MQ,VS1,F,5,5.99,20300,12/05/2003
MQ,VS2,F,5,5.99,17700,12/05/2003
MQ,SI1,F,5,5.99,15000,12/05/2003
MQ,SI2,F,5,5.99,11500,12/05/2003
MQ,SI3,F,5,5.99,9400,12/05/2003
MQ,I1,F,5,5.99,7200,12/05/2003
MQ,I2,F,5,5.99,3800,12/05/2003
MQ,I3,F,5,5.99,1900,12/05/2003
MQ,IF,G,5,5.99,24400,12/05/2003
MQ,VVS1,G,5,5.99,22300,12/05/2003
MQ,VVS2,G,5,5.99,19900,12/05/2003
MQ,VS1,G,5,5.99,17600,12/05/2003
MQ,VS2,G,5,5.99,15500,12/05/2003
MQ,SI1,G,5,5.99,13600,12/05/2003
MQ,SI2,G,5,5.99,11000,12/05/2003
MQ,SI3,G,5,5.99,8800,12/05/2003
MQ,I1,G,5,5.99,6700,12/05/2003
MQ,I2,G,5,5.99,3600,12/05/2003
MQ,I3,G,5,5.99,1800,12/05/2003
MQ,IF,H,5,5.99,20800,12/05/2003
MQ,VVS1,H,5,5.99,19000,12/05/2003
MQ,VVS2,H,5,5.99,16600,12/05/2003
MQ,VS1,H,5,5.99,15100,12/05/2003
MQ,VS2,H,5,5.99,13200,12/05/2003
MQ,SI1,H,5,5.99,11200,12/05/2003
MQ,SI2,H,5,5.99,9300,12/05/2003
MQ,SI3,H,5,5.99,7700,12/05/2003
MQ,I1,H,5,5.99,5900,12/05/2003
MQ,I2,H,5,5.99,3400,12/05/2003
MQ,I3,H,5,5.99,1700,12/05/2003
MQ,IF,I,5,5.99,15100,12/05/2003
MQ,VVS1,I,5,5.99,14400,12/05/2003
MQ,VVS2,I,5,5.99,13900,12/05/2003
MQ,VS1,I,5,5.99,12700,12/05/2003
MQ,VS2,I,5,5.99,11200,12/05/2003
MQ,SI1,I,5,5.99,9300,12/05/2003
MQ,SI2,I,5,5.99,7900,12/05/2003
MQ,SI3,I,5,5.99,6700,12/05/2003
MQ,I1,I,5,5.99,5400,12/05/2003
MQ,I2,I,5,5.99,3200,12/05/2003
MQ,I3,I,5,5.99,1600,12/05/2003
MQ,IF,J,5,5.99,11000,12/05/2003
MQ,VVS1,J,5,5.99,10600,12/05/2003
MQ,VVS2,J,5,5.99,10100,12/05/2003
MQ,VS1,J,5,5.99,9600,12/05/2003
MQ,VS2,J,5,5.99,8800,12/05/2003
MQ,SI1,J,5,5.99,7900,12/05/2003
MQ,SI2,J,5,5.99,6900,12/05/2003
MQ,SI3,J,5,5.99,5900,12/05/2003
MQ,I1,J,5,5.99,4900,12/05/2003
MQ,I2,J,5,5.99,2900,12/05/2003
MQ,I3,J,5,5.99,1500,12/05/2003
MQ,IF,K,5,5.99,8800,12/05/2003
MQ,VVS1,K,5,5.99,8500,12/05/2003
MQ,VVS2,K,5,5.99,8200,12/05/2003
MQ,VS1,K,5,5.99,7800,12/05/2003
MQ,VS2,K,5,5.99,7500,12/05/2003
MQ,SI1,K,5,5.99,7000,12/05/2003
MQ,SI2,K,5,5.99,6000,12/05/2003
MQ,SI3,K,5,5.99,5200,12/05/2003
MQ,I1,K,5,5.99,4500,12/05/2003
MQ,I2,K,5,5.99,2600,12/05/2003
MQ,I3,K,5,5.99,1400,12/05/2003
MQ,IF,L,5,5.99,6900,12/05/2003
MQ,VVS1,L,5,5.99,6700,12/05/2003
MQ,VVS2,L,5,5.99,6500,12/05/2003
MQ,VS1,L,5,5.99,6300,12/05/2003
MQ,VS2,L,5,5.99,6100,12/05/2003
MQ,SI1,L,5,5.99,5700,12/05/2003
MQ,SI2,L,5,5.99,4800,12/05/2003
MQ,SI3,L,5,5.99,4500,12/05/2003
MQ,I1,L,5,5.99,4000,12/05/2003
MQ,I2,L,5,5.99,2300,12/05/2003
MQ,I3,L,5,5.99,1300,12/05/2003
MQ,IF,M,5,5.99,5200,12/05/2003
MQ,VVS1,M,5,5.99,5000,12/05/2003
MQ,VVS2,M,5,5.99,4800,12/05/2003
MQ,VS1,M,5,5.99,4700,12/05/2003
MQ,VS2,M,5,5.99,4500,12/05/2003
MQ,SI1,M,5,5.99,4300,12/05/2003
MQ,SI2,M,5,5.99,3900,12/05/2003
MQ,SI3,M,5,5.99,3300,12/05/2003
MQ,I1,M,5,5.99,2800,12/05/2003
MQ,I2,M,5,5.99,2000,12/05/2003
MQ,I3,M,5,5.99,1200,12/05/2003

