PS,IF,D,0.18,0.22,1350,12/5/03
PS,VVS1,D,0.18,0.22,1350,12/5/03
PS,VVS2,D,0.18,0.22,1350,12/5/03
PS,VS1,D,0.18,0.22,1150,12/5/03
PS,VS2,D,0.18,0.22,1150,12/5/03
PS,SI1,D,0.18,0.22,1050,12/5/03
PS,SI2,D,0.18,0.22,950,12/5/03
PS,SI3,D,0.18,0.22,850,12/5/03
PS,I1,D,0.18,0.22,700,12/5/03
PS,I2,D,0.18,0.22,550,12/5/03
PS,I3,D,0.18,0.22,350,12/5/03
PS,IF,E,0.18,0.22,1350,12/5/03
PS,VVS1,E,0.18,0.22,1350,12/5/03
PS,VVS2,E,0.18,0.22,1350,12/5/03
PS,VS1,E,0.18,0.22,1150,12/5/03
PS,VS2,E,0.18,0.22,1150,12/5/03
PS,SI1,E,0.18,0.22,1050,12/5/03
PS,SI2,E,0.18,0.22,950,12/5/03
PS,SI3,E,0.18,0.22,850,12/5/03
PS,I1,E,0.18,0.22,700,12/5/03
PS,I2,E,0.18,0.22,550,12/5/03
PS,I3,E,0.18,0.22,350,12/5/03
PS,IF,F,0.18,0.22,1350,12/5/03
PS,VVS1,F,0.18,0.22,1350,12/5/03
PS,VVS2,F,0.18,0.22,1350,12/5/03
PS,VS1,F,0.18,0.22,1150,12/5/03
PS,VS2,F,0.18,0.22,1150,12/5/03
PS,SI1,F,0.18,0.22,1050,12/5/03
PS,SI2,F,0.18,0.22,950,12/5/03
PS,SI3,F,0.18,0.22,850,12/5/03
PS,I1,F,0.18,0.22,700,12/5/03
PS,I2,F,0.18,0.22,550,12/5/03
PS,I3,F,0.18,0.22,350,12/5/03
PS,IF,G,0.18,0.22,1150,12/5/03
PS,VVS1,G,0.18,0.22,1150,12/5/03
PS,VVS2,G,0.18,0.22,1150,12/5/03
PS,VS1,G,0.18,0.22,1050,12/5/03
PS,VS2,G,0.18,0.22,1050,12/5/03
PS,SI1,G,0.18,0.22,950,12/5/03
PS,SI2,G,0.18,0.22,850,12/5/03
PS,SI3,G,0.18,0.22,750,12/5/03
PS,I1,G,0.18,0.22,650,12/5/03
PS,I2,G,0.18,0.22,500,12/5/03
PS,I3,G,0.18,0.22,300,12/5/03
PS,IF,H,0.18,0.22,1150,12/5/03
PS,VVS1,H,0.18,0.22,1150,12/5/03
PS,VVS2,H,0.18,0.22,1150,12/5/03
PS,VS1,H,0.18,0.22,1050,12/5/03
PS,VS2,H,0.18,0.22,1050,12/5/03
PS,SI1,H,0.18,0.22,950,12/5/03
PS,SI2,H,0.18,0.22,850,12/5/03
PS,SI3,H,0.18,0.22,750,12/5/03
PS,I1,H,0.18,0.22,650,12/5/03
PS,I2,H,0.18,0.22,500,12/5/03
PS,I3,H,0.18,0.22,300,12/5/03
PS,IF,I,0.18,0.22,1000,12/5/03
PS,VVS1,I,0.18,0.22,1000,12/5/03
PS,VVS2,I,0.18,0.22,1000,12/5/03
PS,VS1,I,0.18,0.22,950,12/5/03
PS,VS2,I,0.18,0.22,950,12/5/03
PS,SI1,I,0.18,0.22,850,12/5/03
PS,SI2,I,0.18,0.22,750,12/5/03
PS,SI3,I,0.18,0.22,650,12/5/03
PS,I1,I,0.18,0.22,550,12/5/03
PS,I2,I,0.18,0.22,450,12/5/03
PS,I3,I,0.18,0.22,260,12/5/03
PS,IF,J,0.18,0.22,1000,12/5/03
PS,VVS1,J,0.18,0.22,1000,12/5/03
PS,VVS2,J,0.18,0.22,1000,12/5/03
PS,VS1,J,0.18,0.22,950,12/5/03
PS,VS2,J,0.18,0.22,950,12/5/03
PS,SI1,J,0.18,0.22,850,12/5/03
PS,SI2,J,0.18,0.22,750,12/5/03
PS,SI3,J,0.18,0.22,650,12/5/03
PS,I1,J,0.18,0.22,550,12/5/03
PS,I2,J,0.18,0.22,450,12/5/03
PS,I3,J,0.18,0.22,260,12/5/03
PS,IF,K,0.18,0.22,840,12/5/03
PS,VVS1,K,0.18,0.22,840,12/5/03
PS,VVS2,K,0.18,0.22,840,12/5/03
PS,VS1,K,0.18,0.22,790,12/5/03
PS,VS2,K,0.18,0.22,790,12/5/03
PS,SI1,K,0.18,0.22,640,12/5/03
PS,SI2,K,0.18,0.22,590,12/5/03
PS,SI3,K,0.18,0.22,540,12/5/03
PS,I1,K,0.18,0.22,440,12/5/03
PS,I2,K,0.18,0.22,390,12/5/03
PS,I3,K,0.18,0.22,230,12/5/03
PS,IF,L,0.18,0.22,840,12/5/03
PS,VVS1,L,0.18,0.22,840,12/5/03
PS,VVS2,L,0.18,0.22,840,12/5/03
PS,VS1,L,0.18,0.22,790,12/5/03
PS,VS2,L,0.18,0.22,790,12/5/03
PS,SI1,L,0.18,0.22,640,12/5/03
PS,SI2,L,0.18,0.22,590,12/5/03
PS,SI3,L,0.18,0.22,540,12/5/03
PS,I1,L,0.18,0.22,440,12/5/03
PS,I2,L,0.18,0.22,390,12/5/03
PS,I3,L,0.18,0.22,230,12/5/03
PS,IF,M,0.18,0.22,640,12/5/03
PS,VVS1,M,0.18,0.22,640,12/5/03
PS,VVS2,M,0.18,0.22,640,12/5/03
PS,VS1,M,0.18,0.22,590,12/5/03
PS,VS2,M,0.18,0.22,590,12/5/03
PS,SI1,M,0.18,0.22,540,12/5/03
PS,SI2,M,0.18,0.22,490,12/5/03
PS,SI3,M,0.18,0.22,440,12/5/03
PS,I1,M,0.18,0.22,390,12/5/03
PS,I2,M,0.18,0.22,350,12/5/03
PS,I3,M,0.18,0.22,200,12/5/03
PS,IF,N,0.18,0.22,640,12/5/03
PS,VVS1,N,0.18,0.22,640,12/5/03
PS,VVS2,N,0.18,0.22,640,12/5/03
PS,VS1,N,0.18,0.22,590,12/5/03
PS,VS2,N,0.18,0.22,590,12/5/03
PS,SI1,N,0.18,0.22,540,12/5/03
PS,SI2,N,0.18,0.22,490,12/5/03
PS,SI3,N,0.18,0.22,440,12/5/03
PS,I1,N,0.18,0.22,390,12/5/03
PS,I2,N,0.18,0.22,350,12/5/03
PS,I3,N,0.18,0.22,200,12/5/03
PS,IF,D,0.23,0.29,1650,12/5/03
PS,VVS1,D,0.23,0.29,1650,12/5/03
PS,VVS2,D,0.23,0.29,1650,12/5/03
PS,VS1,D,0.23,0.29,1350,12/5/03
PS,VS2,D,0.23,0.29,1350,12/5/03
PS,SI1,D,0.23,0.29,1250,12/5/03
PS,SI2,D,0.23,0.29,1050,12/5/03
PS,SI3,D,0.23,0.29,950,12/5/03
PS,I1,D,0.23,0.29,750,12/5/03
PS,I2,D,0.23,0.29,600,12/5/03
PS,I3,D,0.23,0.29,400,12/5/03
PS,IF,E,0.23,0.29,1650,12/5/03
PS,VVS1,E,0.23,0.29,1650,12/5/03
PS,VVS2,E,0.23,0.29,1650,12/5/03
PS,VS1,E,0.23,0.29,1350,12/5/03
PS,VS2,E,0.23,0.29,1350,12/5/03
PS,SI1,E,0.23,0.29,1250,12/5/03
PS,SI2,E,0.23,0.29,1050,12/5/03
PS,SI3,E,0.23,0.29,950,12/5/03
PS,I1,E,0.23,0.29,750,12/5/03
PS,I2,E,0.23,0.29,600,12/5/03
PS,I3,E,0.23,0.29,400,12/5/03
PS,IF,F,0.23,0.29,1650,12/5/03
PS,VVS1,F,0.23,0.29,1650,12/5/03
PS,VVS2,F,0.23,0.29,1650,12/5/03
PS,VS1,F,0.23,0.29,1350,12/5/03
PS,VS2,F,0.23,0.29,1350,12/5/03
PS,SI1,F,0.23,0.29,1250,12/5/03
PS,SI2,F,0.23,0.29,1050,12/5/03
PS,SI3,F,0.23,0.29,950,12/5/03
PS,I1,F,0.23,0.29,750,12/5/03
PS,I2,F,0.23,0.29,600,12/5/03
PS,I3,F,0.23,0.29,400,12/5/03
PS,IF,G,0.23,0.29,1450,12/5/03
PS,VVS1,G,0.23,0.29,1450,12/5/03
PS,VVS2,G,0.23,0.29,1450,12/5/03
PS,VS1,G,0.23,0.29,1150,12/5/03
PS,VS2,G,0.23,0.29,1150,12/5/03
PS,SI1,G,0.23,0.29,1050,12/5/03
PS,SI2,G,0.23,0.29,950,12/5/03
PS,SI3,G,0.23,0.29,850,12/5/03
PS,I1,G,0.23,0.29,700,12/5/03
PS,I2,G,0.23,0.29,550,12/5/03
PS,I3,G,0.23,0.29,350,12/5/03
PS,IF,H,0.23,0.29,1450,12/5/03
PS,VVS1,H,0.23,0.29,1450,12/5/03
PS,VVS2,H,0.23,0.29,1450,12/5/03
PS,VS1,H,0.23,0.29,1150,12/5/03
PS,VS2,H,0.23,0.29,1150,12/5/03
PS,SI1,H,0.23,0.29,1050,12/5/03
PS,SI2,H,0.23,0.29,950,12/5/03
PS,SI3,H,0.23,0.29,850,12/5/03
PS,I1,H,0.23,0.29,700,12/5/03
PS,I2,H,0.23,0.29,550,12/5/03
PS,I3,H,0.23,0.29,350,12/5/03
PS,IF,I,0.23,0.29,1200,12/5/03
PS,VVS1,I,0.23,0.29,1200,12/5/03
PS,VVS2,I,0.23,0.29,1200,12/5/03
PS,VS1,I,0.23,0.29,1050,12/5/03
PS,VS2,I,0.23,0.29,1050,12/5/03
PS,SI1,I,0.23,0.29,950,12/5/03
PS,SI2,I,0.23,0.29,850,12/5/03
PS,SI3,I,0.23,0.29,750,12/5/03
PS,I1,I,0.23,0.29,650,12/5/03
PS,I2,I,0.23,0.29,500,12/5/03
PS,I3,I,0.23,0.29,300,12/5/03
PS,IF,J,0.23,0.29,1200,12/5/03
PS,VVS1,J,0.23,0.29,1200,12/5/03
PS,VVS2,J,0.23,0.29,1200,12/5/03
PS,VS1,J,0.23,0.29,1050,12/5/03
PS,VS2,J,0.23,0.29,1050,12/5/03
PS,SI1,J,0.23,0.29,950,12/5/03
PS,SI2,J,0.23,0.29,850,12/5/03
PS,SI3,J,0.23,0.29,750,12/5/03
PS,I1,J,0.23,0.29,650,12/5/03
PS,I2,J,0.23,0.29,500,12/5/03
PS,I3,J,0.23,0.29,300,12/5/03
PS,IF,K,0.23,0.29,940,12/5/03
PS,VVS1,K,0.23,0.29,940,12/5/03
PS,VVS2,K,0.23,0.29,940,12/5/03
PS,VS1,K,0.23,0.29,840,12/5/03
PS,VS2,K,0.23,0.29,840,12/5/03
PS,SI1,K,0.23,0.29,790,12/5/03
PS,SI2,K,0.23,0.29,690,12/5/03
PS,SI3,K,0.23,0.29,640,12/5/03
PS,I1,K,0.23,0.29,540,12/5/03
PS,I2,K,0.23,0.29,440,12/5/03
PS,I3,K,0.23,0.29,260,12/5/03
PS,IF,L,0.23,0.29,940,12/5/03
PS,VVS1,L,0.23,0.29,940,12/5/03
PS,VVS2,L,0.23,0.29,940,12/5/03
PS,VS1,L,0.23,0.29,840,12/5/03
PS,VS2,L,0.23,0.29,840,12/5/03
PS,SI1,L,0.23,0.29,790,12/5/03
PS,SI2,L,0.23,0.29,690,12/5/03
PS,SI3,L,0.23,0.29,640,12/5/03
PS,I1,L,0.23,0.29,540,12/5/03
PS,I2,L,0.23,0.29,440,12/5/03
PS,I3,L,0.23,0.29,260,12/5/03
PS,IF,M,0.23,0.29,690,12/5/03
PS,VVS1,M,0.23,0.29,690,12/5/03
PS,VVS2,M,0.23,0.29,690,12/5/03
PS,VS1,M,0.23,0.29,640,12/5/03
PS,VS2,M,0.23,0.29,640,12/5/03
PS,SI1,M,0.23,0.29,590,12/5/03
PS,SI2,M,0.23,0.29,540,12/5/03
PS,SI3,M,0.23,0.29,490,12/5/03
PS,I1,M,0.23,0.29,440,12/5/03
PS,I2,M,0.23,0.29,400,12/5/03
PS,I3,M,0.23,0.29,230,12/5/03
PS,IF,N,0.23,0.29,690,12/5/03
PS,VVS1,N,0.23,0.29,690,12/5/03
PS,VVS2,N,0.23,0.29,690,12/5/03
PS,VS1,N,0.23,0.29,640,12/5/03
PS,VS2,N,0.23,0.29,640,12/5/03
PS,SI1,N,0.23,0.29,590,12/5/03
PS,SI2,N,0.23,0.29,540,12/5/03
PS,SI3,N,0.23,0.29,490,12/5/03
PS,I1,N,0.23,0.29,440,12/5/03
PS,I2,N,0.23,0.29,400,12/5/03
PS,I3,N,0.23,0.29,230,12/5/03
PS,IF,D,0.30,0.37,3200,12/5/03
PS,VVS1,D,0.30,0.37,3000,12/5/03
PS,VVS2,D,0.30,0.37,2700,12/5/03
PS,VS1,D,0.30,0.37,2500,12/5/03
PS,VS2,D,0.30,0.37,2100,12/5/03
PS,SI1,D,0.30,0.37,1900,12/5/03
PS,SI2,D,0.30,0.37,1600,12/5/03
PS,SI3,D,0.30,0.37,1400,12/5/03
PS,I1,D,0.30,0.37,1200,12/5/03
PS,I2,D,0.30,0.37,900,12/5/03
PS,I3,D,0.30,0.37,600,12/5/03
PS,IF,E,0.30,0.37,3000,12/5/03
PS,VVS1,E,0.30,0.37,2800,12/5/03
PS,VVS2,E,0.30,0.37,2500,12/5/03
PS,VS1,E,0.30,0.37,2100,12/5/03
PS,VS2,E,0.30,0.37,1800,12/5/03
PS,SI1,E,0.30,0.37,1800,12/5/03
PS,SI2,E,0.30,0.37,1600,12/5/03
PS,SI3,E,0.30,0.37,1400,12/5/03
PS,I1,E,0.30,0.37,1100,12/5/03
PS,I2,E,0.30,0.37,800,12/5/03
PS,I3,E,0.30,0.37,600,12/5/03
PS,IF,F,0.30,0.37,2800,12/5/03
PS,VVS1,F,0.30,0.37,2600,12/5/03
PS,VVS2,F,0.30,0.37,2200,12/5/03
PS,VS1,F,0.30,0.37,1900,12/5/03
PS,VS2,F,0.30,0.37,1700,12/5/03
PS,SI1,F,0.30,0.37,1700,12/5/03
PS,SI2,F,0.30,0.37,1500,12/5/03
PS,SI3,F,0.30,0.37,1400,12/5/03
PS,I1,F,0.30,0.37,1000,12/5/03
PS,I2,F,0.30,0.37,700,12/5/03
PS,I3,F,0.30,0.37,500,12/5/03
PS,IF,G,0.30,0.37,2600,12/5/03
PS,VVS1,G,0.30,0.37,2300,12/5/03
PS,VVS2,G,0.30,0.37,2000,12/5/03
PS,VS1,G,0.30,0.37,1800,12/5/03
PS,VS2,G,0.30,0.37,1600,12/5/03
PS,SI1,G,0.30,0.37,1600,12/5/03
PS,SI2,G,0.30,0.37,1400,12/5/03
PS,SI3,G,0.30,0.37,1300,12/5/03
PS,I1,G,0.30,0.37,900,12/5/03
PS,I2,G,0.30,0.37,700,12/5/03
PS,I3,G,0.30,0.37,500,12/5/03
PS,IF,H,0.30,0.37,2100,12/5/03
PS,VVS1,H,0.30,0.37,2000,12/5/03
PS,VVS2,H,0.30,0.37,1800,12/5/03
PS,VS1,H,0.30,0.37,1700,12/5/03
PS,VS2,H,0.30,0.37,1500,12/5/03
PS,SI1,H,0.30,0.37,1500,12/5/03
PS,SI2,H,0.30,0.37,1300,12/5/03
PS,SI3,H,0.30,0.37,1200,12/5/03
PS,I1,H,0.30,0.37,800,12/5/03
PS,I2,H,0.30,0.37,600,12/5/03
PS,I3,H,0.30,0.37,500,12/5/03
PS,IF,I,0.30,0.37,1700,12/5/03
PS,VVS1,I,0.30,0.37,1600,12/5/03
PS,VVS2,I,0.30,0.37,1500,12/5/03
PS,VS1,I,0.30,0.37,1500,12/5/03
PS,VS2,I,0.30,0.37,1400,12/5/03
PS,SI1,I,0.30,0.37,1300,12/5/03
PS,SI2,I,0.30,0.37,1200,12/5/03
PS,SI3,I,0.30,0.37,1100,12/5/03
PS,I1,I,0.30,0.37,800,12/5/03
PS,I2,I,0.30,0.37,600,12/5/03
PS,I3,I,0.30,0.37,400,12/5/03
PS,IF,J,0.30,0.37,1400,12/5/03
PS,VVS1,J,0.30,0.37,1300,12/5/03
PS,VVS2,J,0.30,0.37,1300,12/5/03
PS,VS1,J,0.30,0.37,1200,12/5/03
PS,VS2,J,0.30,0.37,1200,12/5/03
PS,SI1,J,0.30,0.37,1100,12/5/03
PS,SI2,J,0.30,0.37,1000,12/5/03
PS,SI3,J,0.30,0.37,900,12/5/03
PS,I1,J,0.30,0.37,700,12/5/03
PS,I2,J,0.30,0.37,500,12/5/03
PS,I3,J,0.30,0.37,400,12/5/03
PS,IF,K,0.30,0.37,1200,12/5/03
PS,VVS1,K,0.30,0.37,1100,12/5/03
PS,VVS2,K,0.30,0.37,1000,12/5/03
PS,VS1,K,0.30,0.37,1000,12/5/03
PS,VS2,K,0.30,0.37,1000,12/5/03
PS,SI1,K,0.30,0.37,900,12/5/03
PS,SI2,K,0.30,0.37,800,12/5/03
PS,SI3,K,0.30,0.37,700,12/5/03
PS,I1,K,0.30,0.37,600,12/5/03
PS,I2,K,0.30,0.37,500,12/5/03
PS,I3,K,0.30,0.37,400,12/5/03
PS,IF,L,0.30,0.37,1000,12/5/03
PS,VVS1,L,0.30,0.37,900,12/5/03
PS,VVS2,L,0.30,0.37,900,12/5/03
PS,VS1,L,0.30,0.37,800,12/5/03
PS,VS2,L,0.30,0.37,800,12/5/03
PS,SI1,L,0.30,0.37,800,12/5/03
PS,SI2,L,0.30,0.37,700,12/5/03
PS,SI3,L,0.30,0.37,600,12/5/03
PS,I1,L,0.30,0.37,400,12/5/03
PS,I2,L,0.30,0.37,400,12/5/03
PS,I3,L,0.30,0.37,300,12/5/03
PS,IF,M,0.30,0.37,900,12/5/03
PS,VVS1,M,0.30,0.37,900,12/5/03
PS,VVS2,M,0.30,0.37,900,12/5/03
PS,VS1,M,0.30,0.37,800,12/5/03
PS,VS2,M,0.30,0.37,800,12/5/03
PS,SI1,M,0.30,0.37,800,12/5/03
PS,SI2,M,0.30,0.37,700,12/5/03
PS,SI3,M,0.30,0.37,600,12/5/03
PS,I1,M,0.30,0.37,400,12/5/03
PS,I2,M,0.30,0.37,300,12/5/03
PS,I3,M,0.30,0.37,300,12/5/03
PS,IF,D,0.38,0.45,3600,12/5/03
PS,VVS1,D,0.38,0.45,3400,12/5/03
PS,VVS2,D,0.38,0.45,3100,12/5/03
PS,VS1,D,0.38,0.45,2800,12/5/03
PS,VS2,D,0.38,0.45,2400,12/5/03
PS,SI1,D,0.38,0.45,2200,12/5/03
PS,SI2,D,0.38,0.45,2000,12/5/03
PS,SI3,D,0.38,0.45,1700,12/5/03
PS,I1,D,0.38,0.45,1300,12/5/03
PS,I2,D,0.38,0.45,1000,12/5/03
PS,I3,D,0.38,0.45,800,12/5/03
PS,IF,E,0.38,0.45,3400,12/5/03
PS,VVS1,E,0.38,0.45,3200,12/5/03
PS,VVS2,E,0.38,0.45,2900,12/5/03
PS,VS1,E,0.38,0.45,2600,12/5/03
PS,VS2,E,0.38,0.45,2300,12/5/03
PS,SI1,E,0.38,0.45,2100,12/5/03
PS,SI2,E,0.38,0.45,1900,12/5/03
PS,SI3,E,0.38,0.45,1600,12/5/03
PS,I1,E,0.38,0.45,1200,12/5/03
PS,I2,E,0.38,0.45,900,12/5/03
PS,I3,E,0.38,0.45,700,12/5/03
PS,IF,F,0.38,0.45,3200,12/5/03
PS,VVS1,F,0.38,0.45,3000,12/5/03
PS,VVS2,F,0.38,0.45,2600,12/5/03
PS,VS1,F,0.38,0.45,2400,12/5/03
PS,VS2,F,0.38,0.45,2200,12/5/03
PS,SI1,F,0.38,0.45,2000,12/5/03
PS,SI2,F,0.38,0.45,1800,12/5/03
PS,SI3,F,0.38,0.45,1500,12/5/03
PS,I1,F,0.38,0.45,1100,12/5/03
PS,I2,F,0.38,0.45,800,12/5/03
PS,I3,F,0.38,0.45,600,12/5/03
PS,IF,G,0.38,0.45,3000,12/5/03
PS,VVS1,G,0.38,0.45,2700,12/5/03
PS,VVS2,G,0.38,0.45,2400,12/5/03
PS,VS1,G,0.38,0.45,2200,12/5/03
PS,VS2,G,0.38,0.45,2000,12/5/03
PS,SI1,G,0.38,0.45,1900,12/5/03
PS,SI2,G,0.38,0.45,1600,12/5/03
PS,SI3,G,0.38,0.45,1400,12/5/03
PS,I1,G,0.38,0.45,1000,12/5/03
PS,I2,G,0.38,0.45,800,12/5/03
PS,I3,G,0.38,0.45,600,12/5/03
PS,IF,H,0.38,0.45,2600,12/5/03
PS,VVS1,H,0.38,0.45,2400,12/5/03
PS,VVS2,H,0.38,0.45,2100,12/5/03
PS,VS1,H,0.38,0.45,2000,12/5/03
PS,VS2,H,0.38,0.45,1900,12/5/03
PS,SI1,H,0.38,0.45,1800,12/5/03
PS,SI2,H,0.38,0.45,1500,12/5/03
PS,SI3,H,0.38,0.45,1300,12/5/03
PS,I1,H,0.38,0.45,900,12/5/03
PS,I2,H,0.38,0.45,700,12/5/03
PS,I3,H,0.38,0.45,600,12/5/03
PS,IF,I,0.38,0.45,2100,12/5/03
PS,VVS1,I,0.38,0.45,2000,12/5/03
PS,VVS2,I,0.38,0.45,1900,12/5/03
PS,VS1,I,0.38,0.45,1800,12/5/03
PS,VS2,I,0.38,0.45,1600,12/5/03
PS,SI1,I,0.38,0.45,1500,12/5/03
PS,SI2,I,0.38,0.45,1300,12/5/03
PS,SI3,I,0.38,0.45,1200,12/5/03
PS,I1,I,0.38,0.45,900,12/5/03
PS,I2,I,0.38,0.45,700,12/5/03
PS,I3,I,0.38,0.45,500,12/5/03
PS,IF,J,0.38,0.45,1700,12/5/03
PS,VVS1,J,0.38,0.45,1600,12/5/03
PS,VVS2,J,0.38,0.45,1600,12/5/03
PS,VS1,J,0.38,0.45,1500,12/5/03
PS,VS2,J,0.38,0.45,1400,12/5/03
PS,SI1,J,0.38,0.45,1300,12/5/03
PS,SI2,J,0.38,0.45,1200,12/5/03
PS,SI3,J,0.38,0.45,1100,12/5/03
PS,I1,J,0.38,0.45,800,12/5/03
PS,I2,J,0.38,0.45,600,12/5/03
PS,I3,J,0.38,0.45,500,12/5/03
PS,IF,K,0.38,0.45,1500,12/5/03
PS,VVS1,K,0.38,0.45,1400,12/5/03
PS,VVS2,K,0.38,0.45,1300,12/5/03
PS,VS1,K,0.38,0.45,1200,12/5/03
PS,VS2,K,0.38,0.45,1200,12/5/03
PS,SI1,K,0.38,0.45,1100,12/5/03
PS,SI2,K,0.38,0.45,900,12/5/03
PS,SI3,K,0.38,0.45,800,12/5/03
PS,I1,K,0.38,0.45,600,12/5/03
PS,I2,K,0.38,0.45,500,12/5/03
PS,I3,K,0.38,0.45,500,12/5/03
PS,IF,L,0.38,0.45,1200,12/5/03
PS,VVS1,L,0.38,0.45,1100,12/5/03
PS,VVS2,L,0.38,0.45,1100,12/5/03
PS,VS1,L,0.38,0.45,1000,12/5/03
PS,VS2,L,0.38,0.45,1000,12/5/03
PS,SI1,L,0.38,0.45,900,12/5/03
PS,SI2,L,0.38,0.45,800,12/5/03
PS,SI3,L,0.38,0.45,700,12/5/03
PS,I1,L,0.38,0.45,500,12/5/03
PS,I2,L,0.38,0.45,500,12/5/03
PS,I3,L,0.38,0.45,400,12/5/03
PS,IF,M,0.38,0.45,900,12/5/03
PS,VVS1,M,0.38,0.45,900,12/5/03
PS,VVS2,M,0.38,0.45,900,12/5/03
PS,VS1,M,0.38,0.45,800,12/5/03
PS,VS2,M,0.38,0.45,800,12/5/03
PS,SI1,M,0.38,0.45,800,12/5/03
PS,SI2,M,0.38,0.45,700,12/5/03
PS,SI3,M,0.38,0.45,600,12/5/03
PS,I1,M,0.38,0.45,400,12/5/03
PS,I2,M,0.38,0.45,400,12/5/03
PS,I3,M,0.38,0.45,400,12/5/03
PS,IF,D,0.46,0.49,4000,12/5/03
PS,VVS1,D,0.46,0.49,3600,12/5/03
PS,VVS2,D,0.46,0.49,3400,12/5/03
PS,VS1,D,0.46,0.49,3200,12/5/03
PS,VS2,D,0.46,0.49,2900,12/5/03
PS,SI1,D,0.46,0.49,2500,12/5/03
PS,SI2,D,0.46,0.49,2200,12/5/03
PS,SI3,D,0.46,0.49,1900,12/5/03
PS,I1,D,0.46,0.49,1600,12/5/03
PS,I2,D,0.46,0.49,1200,12/5/03
PS,I3,D,0.46,0.49,900,12/5/03
PS,IF,E,0.46,0.49,3600,12/5/03
PS,VVS1,E,0.46,0.49,3400,12/5/03
PS,VVS2,E,0.46,0.49,3200,12/5/03
PS,VS1,E,0.46,0.49,3000,12/5/03
PS,VS2,E,0.46,0.49,2800,12/5/03
PS,SI1,E,0.46,0.49,2400,12/5/03
PS,SI2,E,0.46,0.49,2100,12/5/03
PS,SI3,E,0.46,0.49,1800,12/5/03
PS,I1,E,0.46,0.49,1600,12/5/03
PS,I2,E,0.46,0.49,1100,12/5/03
PS,I3,E,0.46,0.49,800,12/5/03
PS,IF,F,0.46,0.49,3400,12/5/03
PS,VVS1,F,0.46,0.49,3200,12/5/03
PS,VVS2,F,0.46,0.49,3000,12/5/03
PS,VS1,F,0.46,0.49,2800,12/5/03
PS,VS2,F,0.46,0.49,2700,12/5/03
PS,SI1,F,0.46,0.49,2300,12/5/03
PS,SI2,F,0.46,0.49,2000,12/5/03
PS,SI3,F,0.46,0.49,1800,12/5/03
PS,I1,F,0.46,0.49,1500,12/5/03
PS,I2,F,0.46,0.49,1100,12/5/03
PS,I3,F,0.46,0.49,800,12/5/03
PS,IF,G,0.46,0.49,3200,12/5/03
PS,VVS1,G,0.46,0.49,3000,12/5/03
PS,VVS2,G,0.46,0.49,2900,12/5/03
PS,VS1,G,0.46,0.49,2700,12/5/03
PS,VS2,G,0.46,0.49,2500,12/5/03
PS,SI1,G,0.46,0.49,2200,12/5/03
PS,SI2,G,0.46,0.49,1900,12/5/03
PS,SI3,G,0.46,0.49,1700,12/5/03
PS,I1,G,0.46,0.49,1400,12/5/03
PS,I2,G,0.46,0.49,1000,12/5/03
PS,I3,G,0.46,0.49,700,12/5/03
PS,IF,H,0.46,0.49,2800,12/5/03
PS,VVS1,H,0.46,0.49,2700,12/5/03
PS,VVS2,H,0.46,0.49,2600,12/5/03
PS,VS1,H,0.46,0.49,2400,12/5/03
PS,VS2,H,0.46,0.49,2200,12/5/03
PS,SI1,H,0.46,0.49,2000,12/5/03
PS,SI2,H,0.46,0.49,1700,12/5/03
PS,SI3,H,0.46,0.49,1600,12/5/03
PS,I1,H,0.46,0.49,1300,12/5/03
PS,I2,H,0.46,0.49,1000,12/5/03
PS,I3,H,0.46,0.49,700,12/5/03
PS,IF,I,0.46,0.49,2400,12/5/03
PS,VVS1,I,0.46,0.49,2300,12/5/03
PS,VVS2,I,0.46,0.49,2200,12/5/03
PS,VS1,I,0.46,0.49,2100,12/5/03
PS,VS2,I,0.46,0.49,2000,12/5/03
PS,SI1,I,0.46,0.49,1800,12/5/03
PS,SI2,I,0.46,0.49,1600,12/5/03
PS,SI3,I,0.46,0.49,1400,12/5/03
PS,I1,I,0.46,0.49,1200,12/5/03
PS,I2,I,0.46,0.49,900,12/5/03
PS,I3,I,0.46,0.49,700,12/5/03
PS,IF,J,0.46,0.49,2000,12/5/03
PS,VVS1,J,0.46,0.49,1900,12/5/03
PS,VVS2,J,0.46,0.49,1800,12/5/03
PS,VS1,J,0.46,0.49,1700,12/5/03
PS,VS2,J,0.46,0.49,1700,12/5/03
PS,SI1,J,0.46,0.49,1600,12/5/03
PS,SI2,J,0.46,0.49,1400,12/5/03
PS,SI3,J,0.46,0.49,1300,12/5/03
PS,I1,J,0.46,0.49,1100,12/5/03
PS,I2,J,0.46,0.49,900,12/5/03
PS,I3,J,0.46,0.49,600,12/5/03
PS,IF,K,0.46,0.49,1700,12/5/03
PS,VVS1,K,0.46,0.49,1600,12/5/03
PS,VVS2,K,0.46,0.49,1500,12/5/03
PS,VS1,K,0.46,0.49,1400,12/5/03
PS,VS2,K,0.46,0.49,1400,12/5/03
PS,SI1,K,0.46,0.49,1300,12/5/03
PS,SI2,K,0.46,0.49,1300,12/5/03
PS,SI3,K,0.46,0.49,1200,12/5/03
PS,I1,K,0.46,0.49,1000,12/5/03
PS,I2,K,0.46,0.49,800,12/5/03
PS,I3,K,0.46,0.49,600,12/5/03
PS,IF,L,0.46,0.49,1400,12/5/03
PS,VVS1,L,0.46,0.49,1300,12/5/03
PS,VVS2,L,0.46,0.49,1300,12/5/03
PS,VS1,L,0.46,0.49,1200,12/5/03
PS,VS2,L,0.46,0.49,1200,12/5/03
PS,SI1,L,0.46,0.49,1100,12/5/03
PS,SI2,L,0.46,0.49,1000,12/5/03
PS,SI3,L,0.46,0.49,900,12/5/03
PS,I1,L,0.46,0.49,800,12/5/03
PS,I2,L,0.46,0.49,700,12/5/03
PS,I3,L,0.46,0.49,500,12/5/03
PS,IF,M,0.46,0.49,1200,12/5/03
PS,VVS1,M,0.46,0.49,1200,12/5/03
PS,VVS2,M,0.46,0.49,1200,12/5/03
PS,VS1,M,0.46,0.49,1100,12/5/03
PS,VS2,M,0.46,0.49,1100,12/5/03
PS,SI1,M,0.46,0.49,1100,12/5/03
PS,SI2,M,0.46,0.49,1000,12/5/03
PS,SI3,M,0.46,0.49,900,12/5/03
PS,I1,M,0.46,0.49,700,12/5/03
PS,I2,M,0.46,0.49,600,12/5/03
PS,I3,M,0.46,0.49,400,12/5/03
PS,IF,D,0.50,0.69,5400,12/5/03
PS,VVS1,D,0.50,0.69,4700,12/5/03
PS,VVS2,D,0.50,0.69,4300,12/5/03
PS,VS1,D,0.50,0.69,4000,12/5/03
PS,VS2,D,0.50,0.69,3600,12/5/03
PS,SI1,D,0.50,0.69,3200,12/5/03
PS,SI2,D,0.50,0.69,2800,12/5/03
PS,SI3,D,0.50,0.69,2400,12/5/03
PS,I1,D,0.50,0.69,1900,12/5/03
PS,I2,D,0.50,0.69,1400,12/5/03
PS,I3,D,0.50,0.69,1000,12/5/03
PS,IF,E,0.50,0.69,4700,12/5/03
PS,VVS1,E,0.50,0.69,4300,12/5/03
PS,VVS2,E,0.50,0.69,4000,12/5/03
PS,VS1,E,0.50,0.69,3600,12/5/03
PS,VS2,E,0.50,0.69,3300,12/5/03
PS,SI1,E,0.50,0.69,3100,12/5/03
PS,SI2,E,0.50,0.69,2700,12/5/03
PS,SI3,E,0.50,0.69,2300,12/5/03
PS,I1,E,0.50,0.69,1800,12/5/03
PS,I2,E,0.50,0.69,1300,12/5/03
PS,I3,E,0.50,0.69,900,12/5/03
PS,IF,F,0.50,0.69,4300,12/5/03
PS,VVS1,F,0.50,0.69,4000,12/5/03
PS,VVS2,F,0.50,0.69,3600,12/5/03
PS,VS1,F,0.50,0.69,3300,12/5/03
PS,VS2,F,0.50,0.69,3100,12/5/03
PS,SI1,F,0.50,0.69,2900,12/5/03
PS,SI2,F,0.50,0.69,2500,12/5/03
PS,SI3,F,0.50,0.69,2100,12/5/03
PS,I1,F,0.50,0.69,1700,12/5/03
PS,I2,F,0.50,0.69,1200,12/5/03
PS,I3,F,0.50,0.69,900,12/5/03
PS,IF,G,0.50,0.69,3900,12/5/03
PS,VVS1,G,0.50,0.69,3500,12/5/03
PS,VVS2,G,0.50,0.69,3200,12/5/03
PS,VS1,G,0.50,0.69,3000,12/5/03
PS,VS2,G,0.50,0.69,2800,12/5/03
PS,SI1,G,0.50,0.69,2600,12/5/03
PS,SI2,G,0.50,0.69,2300,12/5/03
PS,SI3,G,0.50,0.69,2000,12/5/03
PS,I1,G,0.50,0.69,1500,12/5/03
PS,I2,G,0.50,0.69,1100,12/5/03
PS,I3,G,0.50,0.69,800,12/5/03
PS,IF,H,0.50,0.69,3400,12/5/03
PS,VVS1,H,0.50,0.69,3200,12/5/03
PS,VVS2,H,0.50,0.69,3000,12/5/03
PS,VS1,H,0.50,0.69,2800,12/5/03
PS,VS2,H,0.50,0.69,2600,12/5/03
PS,SI1,H,0.50,0.69,2300,12/5/03
PS,SI2,H,0.50,0.69,2000,12/5/03
PS,SI3,H,0.50,0.69,1800,12/5/03
PS,I1,H,0.50,0.69,1400,12/5/03
PS,I2,H,0.50,0.69,1000,12/5/03
PS,I3,H,0.50,0.69,800,12/5/03
PS,IF,I,0.50,0.69,3000,12/5/03
PS,VVS1,I,0.50,0.69,2800,12/5/03
PS,VVS2,I,0.50,0.69,2700,12/5/03
PS,VS1,I,0.50,0.69,2500,12/5/03
PS,VS2,I,0.50,0.69,2300,12/5/03
PS,SI1,I,0.50,0.69,2100,12/5/03
PS,SI2,I,0.50,0.69,1900,12/5/03
PS,SI3,I,0.50,0.69,1700,12/5/03
PS,I1,I,0.50,0.69,1300,12/5/03
PS,I2,I,0.50,0.69,1000,12/5/03
PS,I3,I,0.50,0.69,700,12/5/03
PS,IF,J,0.50,0.69,2400,12/5/03
PS,VVS1,J,0.50,0.69,2300,12/5/03
PS,VVS2,J,0.50,0.69,2200,12/5/03
PS,VS1,J,0.50,0.69,2100,12/5/03
PS,VS2,J,0.50,0.69,2000,12/5/03
PS,SI1,J,0.50,0.69,1900,12/5/03
PS,SI2,J,0.50,0.69,1800,12/5/03
PS,SI3,J,0.50,0.69,1500,12/5/03
PS,I1,J,0.50,0.69,1200,12/5/03
PS,I2,J,0.50,0.69,1000,12/5/03
PS,I3,J,0.50,0.69,700,12/5/03
PS,IF,K,0.50,0.69,1900,12/5/03
PS,VVS1,K,0.50,0.69,1800,12/5/03
PS,VVS2,K,0.50,0.69,1800,12/5/03
PS,VS1,K,0.50,0.69,1700,12/5/03
PS,VS2,K,0.50,0.69,1700,12/5/03
PS,SI1,K,0.50,0.69,1600,12/5/03
PS,SI2,K,0.50,0.69,1500,12/5/03
PS,SI3,K,0.50,0.69,1400,12/5/03
PS,I1,K,0.50,0.69,1100,12/5/03
PS,I2,K,0.50,0.69,900,12/5/03
PS,I3,K,0.50,0.69,600,12/5/03
PS,IF,L,0.50,0.69,1600,12/5/03
PS,VVS1,L,0.50,0.69,1500,12/5/03
PS,VVS2,L,0.50,0.69,1500,12/5/03
PS,VS1,L,0.50,0.69,1400,12/5/03
PS,VS2,L,0.50,0.69,1400,12/5/03
PS,SI1,L,0.50,0.69,1400,12/5/03
PS,SI2,L,0.50,0.69,1300,12/5/03
PS,SI3,L,0.50,0.69,1200,12/5/03
PS,I1,L,0.50,0.69,900,12/5/03
PS,I2,L,0.50,0.69,800,12/5/03
PS,I3,L,0.50,0.69,600,12/5/03
PS,IF,M,0.50,0.69,1300,12/5/03
PS,VVS1,M,0.50,0.69,1300,12/5/03
PS,VVS2,M,0.50,0.69,1300,12/5/03
PS,VS1,M,0.50,0.69,1200,12/5/03
PS,VS2,M,0.50,0.69,1200,12/5/03
PS,SI1,M,0.50,0.69,1200,12/5/03
PS,SI2,M,0.50,0.69,1100,12/5/03
PS,SI3,M,0.50,0.69,1000,12/5/03
PS,I1,M,0.50,0.69,800,12/5/03
PS,I2,M,0.50,0.69,700,12/5/03
PS,I3,M,0.50,0.69,500,12/5/03
PS,IF,D,0.70,0.89,7400,12/5/03
PS,VVS1,D,0.70,0.89,5900,12/5/03
PS,VVS2,D,0.70,0.89,5600,12/5/03
PS,VS1,D,0.70,0.89,5400,12/5/03
PS,VS2,D,0.70,0.89,5200,12/5/03
PS,SI1,D,0.70,0.89,4800,12/5/03
PS,SI2,D,0.70,0.89,4300,12/5/03
PS,SI3,D,0.70,0.89,3500,12/5/03
PS,I1,D,0.70,0.89,2600,12/5/03
PS,I2,D,0.70,0.89,1700,12/5/03
PS,I3,D,0.70,0.89,1100,12/5/03
PS,IF,E,0.70,0.89,5900,12/5/03
PS,VVS1,E,0.70,0.89,5600,12/5/03
PS,VVS2,E,0.70,0.89,5400,12/5/03
PS,VS1,E,0.70,0.89,5200,12/5/03
PS,VS2,E,0.70,0.89,5000,12/5/03
PS,SI1,E,0.70,0.89,4600,12/5/03
PS,SI2,E,0.70,0.89,4100,12/5/03
PS,SI3,E,0.70,0.89,3300,12/5/03
PS,I1,E,0.70,0.89,2500,12/5/03
PS,I2,E,0.70,0.89,1600,12/5/03
PS,I3,E,0.70,0.89,1000,12/5/03
PS,IF,F,0.70,0.89,5600,12/5/03
PS,VVS1,F,0.70,0.89,5400,12/5/03
PS,VVS2,F,0.70,0.89,5200,12/5/03
PS,VS1,F,0.70,0.89,5000,12/5/03
PS,VS2,F,0.70,0.89,4700,12/5/03
PS,SI1,F,0.70,0.89,4400,12/5/03
PS,SI2,F,0.70,0.89,3900,12/5/03
PS,SI3,F,0.70,0.89,3100,12/5/03
PS,I1,F,0.70,0.89,2400,12/5/03
PS,I2,F,0.70,0.89,1500,12/5/03
PS,I3,F,0.70,0.89,1000,12/5/03
PS,IF,G,0.70,0.89,5300,12/5/03
PS,VVS1,G,0.70,0.89,5100,12/5/03
PS,VVS2,G,0.70,0.89,4900,12/5/03
PS,VS1,G,0.70,0.89,4700,12/5/03
PS,VS2,G,0.70,0.89,4400,12/5/03
PS,SI1,G,0.70,0.89,4000,12/5/03
PS,SI2,G,0.70,0.89,3600,12/5/03
PS,SI3,G,0.70,0.89,3000,12/5/03
PS,I1,G,0.70,0.89,2300,12/5/03
PS,I2,G,0.70,0.89,1500,12/5/03
PS,I3,G,0.70,0.89,900,12/5/03
PS,IF,H,0.70,0.89,4700,12/5/03
PS,VVS1,H,0.70,0.89,4500,12/5/03
PS,VVS2,H,0.70,0.89,4400,12/5/03
PS,VS1,H,0.70,0.89,4200,12/5/03
PS,VS2,H,0.70,0.89,4000,12/5/03
PS,SI1,H,0.70,0.89,3600,12/5/03
PS,SI2,H,0.70,0.89,3300,12/5/03
PS,SI3,H,0.70,0.89,2800,12/5/03
PS,I1,H,0.70,0.89,2100,12/5/03
PS,I2,H,0.70,0.89,1400,12/5/03
PS,I3,H,0.70,0.89,900,12/5/03
PS,IF,I,0.70,0.89,4100,12/5/03
PS,VVS1,I,0.70,0.89,4000,12/5/03
PS,VVS2,I,0.70,0.89,3900,12/5/03
PS,VS1,I,0.70,0.89,3700,12/5/03
PS,VS2,I,0.70,0.89,3500,12/5/03
PS,SI1,I,0.70,0.89,3200,12/5/03
PS,SI2,I,0.70,0.89,2800,12/5/03
PS,SI3,I,0.70,0.89,2500,12/5/03
PS,I1,I,0.70,0.89,1900,12/5/03
PS,I2,I,0.70,0.89,1300,12/5/03
PS,I3,I,0.70,0.89,800,12/5/03
PS,IF,J,0.70,0.89,3300,12/5/03
PS,VVS1,J,0.70,0.89,3200,12/5/03
PS,VVS2,J,0.70,0.89,3100,12/5/03
PS,VS1,J,0.70,0.89,3000,12/5/03
PS,VS2,J,0.70,0.89,2900,12/5/03
PS,SI1,J,0.70,0.89,2700,12/5/03
PS,SI2,J,0.70,0.89,2400,12/5/03
PS,SI3,J,0.70,0.89,2100,12/5/03
PS,I1,J,0.70,0.89,1600,12/5/03
PS,I2,J,0.70,0.89,1200,12/5/03
PS,I3,J,0.70,0.89,800,12/5/03
PS,IF,K,0.70,0.89,2800,12/5/03
PS,VVS1,K,0.70,0.89,2700,12/5/03
PS,VVS2,K,0.70,0.89,2600,12/5/03
PS,VS1,K,0.70,0.89,2500,12/5/03
PS,VS2,K,0.70,0.89,2500,12/5/03
PS,SI1,K,0.70,0.89,2300,12/5/03
PS,SI2,K,0.70,0.89,2100,12/5/03
PS,SI3,K,0.70,0.89,1800,12/5/03
PS,I1,K,0.70,0.89,1400,12/5/03
PS,I2,K,0.70,0.89,1100,12/5/03
PS,I3,K,0.70,0.89,700,12/5/03
PS,IF,L,0.70,0.89,2300,12/5/03
PS,VVS1,L,0.70,0.89,2200,12/5/03
PS,VVS2,L,0.70,0.89,2100,12/5/03
PS,VS1,L,0.70,0.89,2000,12/5/03
PS,VS2,L,0.70,0.89,2000,12/5/03
PS,SI1,L,0.70,0.89,1900,12/5/03
PS,SI2,L,0.70,0.89,1800,12/5/03
PS,SI3,L,0.70,0.89,1500,12/5/03
PS,I1,L,0.70,0.89,1100,12/5/03
PS,I2,L,0.70,0.89,900,12/5/03
PS,I3,L,0.70,0.89,700,12/5/03
PS,IF,M,0.70,0.89,1700,12/5/03
PS,VVS1,M,0.70,0.89,1700,12/5/03
PS,VVS2,M,0.70,0.89,1700,12/5/03
PS,VS1,M,0.70,0.89,1600,12/5/03
PS,VS2,M,0.70,0.89,1600,12/5/03
PS,SI1,M,0.70,0.89,1600,12/5/03
PS,SI2,M,0.70,0.89,1500,12/5/03
PS,SI3,M,0.70,0.89,1400,12/5/03
PS,I1,M,0.70,0.89,900,12/5/03
PS,I2,M,0.70,0.89,800,12/5/03
PS,I3,M,0.70,0.89,600,12/5/03
PS,IF,D,0.90,0.99,8800,12/5/03
PS,VVS1,D,0.90,0.99,6900,12/5/03
PS,VVS2,D,0.90,0.99,6600,12/5/03
PS,VS1,D,0.90,0.99,6200,12/5/03
PS,VS2,D,0.90,0.99,5800,12/5/03
PS,SI1,D,0.90,0.99,5500,12/5/03
PS,SI2,D,0.90,0.99,4800,12/5/03
PS,SI3,D,0.90,0.99,3800,12/5/03
PS,I1,D,0.90,0.99,2800,12/5/03
PS,I2,D,0.90,0.99,2000,12/5/03
PS,I3,D,0.90,0.99,1200,12/5/03
PS,IF,E,0.90,0.99,6900,12/5/03
PS,VVS1,E,0.90,0.99,6600,12/5/03
PS,VVS2,E,0.90,0.99,6200,12/5/03
PS,VS1,E,0.90,0.99,5900,12/5/03
PS,VS2,E,0.90,0.99,5600,12/5/03
PS,SI1,E,0.90,0.99,5300,12/5/03
PS,SI2,E,0.90,0.99,4600,12/5/03
PS,SI3,E,0.90,0.99,3600,12/5/03
PS,I1,E,0.90,0.99,2700,12/5/03
PS,I2,E,0.90,0.99,1900,12/5/03
PS,I3,E,0.90,0.99,1100,12/5/03
PS,IF,F,0.90,0.99,6600,12/5/03
PS,VVS1,F,0.90,0.99,6200,12/5/03
PS,VVS2,F,0.90,0.99,5900,12/5/03
PS,VS1,F,0.90,0.99,5600,12/5/03
PS,VS2,F,0.90,0.99,5400,12/5/03
PS,SI1,F,0.90,0.99,5100,12/5/03
PS,SI2,F,0.90,0.99,4500,12/5/03
PS,SI3,F,0.90,0.99,3500,12/5/03
PS,I1,F,0.90,0.99,2700,12/5/03
PS,I2,F,0.90,0.99,1800,12/5/03
PS,I3,F,0.90,0.99,1100,12/5/03
PS,IF,G,0.90,0.99,6100,12/5/03
PS,VVS1,G,0.90,0.99,5800,12/5/03
PS,VVS2,G,0.90,0.99,5600,12/5/03
PS,VS1,G,0.90,0.99,5400,12/5/03
PS,VS2,G,0.90,0.99,5100,12/5/03
PS,SI1,G,0.90,0.99,4700,12/5/03
PS,SI2,G,0.90,0.99,4200,12/5/03
PS,SI3,G,0.90,0.99,3400,12/5/03
PS,I1,G,0.90,0.99,2600,12/5/03
PS,I2,G,0.90,0.99,1700,12/5/03
PS,I3,G,0.90,0.99,1000,12/5/03
PS,IF,H,0.90,0.99,5300,12/5/03
PS,VVS1,H,0.90,0.99,5000,12/5/03
PS,VVS2,H,0.90,0.99,4800,12/5/03
PS,VS1,H,0.90,0.99,4600,12/5/03
PS,VS2,H,0.90,0.99,4400,12/5/03
PS,SI1,H,0.90,0.99,4100,12/5/03
PS,SI2,H,0.90,0.99,3700,12/5/03
PS,SI3,H,0.90,0.99,3200,12/5/03
PS,I1,H,0.90,0.99,2400,12/5/03
PS,I2,H,0.90,0.99,1700,12/5/03
PS,I3,H,0.90,0.99,1000,12/5/03
PS,IF,I,0.90,0.99,4700,12/5/03
PS,VVS1,I,0.90,0.99,4500,12/5/03
PS,VVS2,I,0.90,0.99,4400,12/5/03
PS,VS1,I,0.90,0.99,4200,12/5/03
PS,VS2,I,0.90,0.99,4000,12/5/03
PS,SI1,I,0.90,0.99,3800,12/5/03
PS,SI2,I,0.90,0.99,3300,12/5/03
PS,SI3,I,0.90,0.99,2800,12/5/03
PS,I1,I,0.90,0.99,2300,12/5/03
PS,I2,I,0.90,0.99,1600,12/5/03
PS,I3,I,0.90,0.99,900,12/5/03
PS,IF,J,0.90,0.99,4000,12/5/03
PS,VVS1,J,0.90,0.99,3900,12/5/03
PS,VVS2,J,0.90,0.99,3800,12/5/03
PS,VS1,J,0.90,0.99,3600,12/5/03
PS,VS2,J,0.90,0.99,3500,12/5/03
PS,SI1,J,0.90,0.99,3200,12/5/03
PS,SI2,J,0.90,0.99,2800,12/5/03
PS,SI3,J,0.90,0.99,2500,12/5/03
PS,I1,J,0.90,0.99,2000,12/5/03
PS,I2,J,0.90,0.99,1400,12/5/03
PS,I3,J,0.90,0.99,900,12/5/03
PS,IF,K,0.90,0.99,3200,12/5/03
PS,VVS1,K,0.90,0.99,3100,12/5/03
PS,VVS2,K,0.90,0.99,3000,12/5/03
PS,VS1,K,0.90,0.99,2900,12/5/03
PS,VS2,K,0.90,0.99,2900,12/5/03
PS,SI1,K,0.90,0.99,2700,12/5/03
PS,SI2,K,0.90,0.99,2400,12/5/03
PS,SI3,K,0.90,0.99,2200,12/5/03
PS,I1,K,0.90,0.99,1700,12/5/03
PS,I2,K,0.90,0.99,1200,12/5/03
PS,I3,K,0.90,0.99,800,12/5/03
PS,IF,L,0.90,0.99,2600,12/5/03
PS,VVS1,L,0.90,0.99,2500,12/5/03
PS,VVS2,L,0.90,0.99,2400,12/5/03
PS,VS1,L,0.90,0.99,2300,12/5/03
PS,VS2,L,0.90,0.99,2300,12/5/03
PS,SI1,L,0.90,0.99,2200,12/5/03
PS,SI2,L,0.90,0.99,2000,12/5/03
PS,SI3,L,0.90,0.99,1800,12/5/03
PS,I1,L,0.90,0.99,1300,12/5/03
PS,I2,L,0.90,0.99,1000,12/5/03
PS,I3,L,0.90,0.99,700,12/5/03
PS,IF,M,0.90,0.99,2000,12/5/03
PS,VVS1,M,0.90,0.99,2000,12/5/03
PS,VVS2,M,0.90,0.99,2000,12/5/03
PS,VS1,M,0.90,0.99,1900,12/5/03
PS,VS2,M,0.90,0.99,1900,12/5/03
PS,SI1,M,0.90,0.99,1900,12/5/03
PS,SI2,M,0.90,0.99,1800,12/5/03
PS,SI3,M,0.90,0.99,1600,12/5/03
PS,I1,M,0.90,0.99,1000,12/5/03
PS,I2,M,0.90,0.99,900,12/5/03
PS,I3,M,0.90,0.99,700,12/5/03
PS,IF,D,1.00,1.49,12800,12/5/03
PS,VVS1,D,1.00,1.49,8300,12/5/03
PS,VVS2,D,1.00,1.49,7400,12/5/03
PS,VS1,D,1.00,1.49,7100,12/5/03
PS,VS2,D,1.00,1.49,6700,12/5/03
PS,SI1,D,1.00,1.49,5800,12/5/03
PS,SI2,D,1.00,1.49,4900,12/5/03
PS,SI3,D,1.00,1.49,3900,12/5/03
PS,I1,D,1.00,1.49,3000,12/5/03
PS,I2,D,1.00,1.49,2100,12/5/03
PS,I3,D,1.00,1.49,1300,12/5/03
PS,IF,E,1.00,1.49,8300,12/5/03
PS,VVS1,E,1.00,1.49,7400,12/5/03
PS,VVS2,E,1.00,1.49,7100,12/5/03
PS,VS1,E,1.00,1.49,6900,12/5/03
PS,VS2,E,1.00,1.49,6500,12/5/03
PS,SI1,E,1.00,1.49,5600,12/5/03
PS,SI2,E,1.00,1.49,4800,12/5/03
PS,SI3,E,1.00,1.49,3800,12/5/03
PS,I1,E,1.00,1.49,2900,12/5/03
PS,I2,E,1.00,1.49,2000,12/5/03
PS,I3,E,1.00,1.49,1200,12/5/03
PS,IF,F,1.00,1.49,7400,12/5/03
PS,VVS1,F,1.00,1.49,7100,12/5/03
PS,VVS2,F,1.00,1.49,6900,12/5/03
PS,VS1,F,1.00,1.49,6600,12/5/03
PS,VS2,F,1.00,1.49,6100,12/5/03
PS,SI1,F,1.00,1.49,5400,12/5/03
PS,SI2,F,1.00,1.49,4700,12/5/03
PS,SI3,F,1.00,1.49,3700,12/5/03
PS,I1,F,1.00,1.49,2800,12/5/03
PS,I2,F,1.00,1.49,2000,12/5/03
PS,I3,F,1.00,1.49,1200,12/5/03
PS,IF,G,1.00,1.49,7100,12/5/03
PS,VVS1,G,1.00,1.49,6800,12/5/03
PS,VVS2,G,1.00,1.49,6500,12/5/03
PS,VS1,G,1.00,1.49,6200,12/5/03
PS,VS2,G,1.00,1.49,5800,12/5/03
PS,SI1,G,1.00,1.49,5000,12/5/03
PS,SI2,G,1.00,1.49,4400,12/5/03
PS,SI3,G,1.00,1.49,3500,12/5/03
PS,I1,G,1.00,1.49,2600,12/5/03
PS,I2,G,1.00,1.49,1900,12/5/03
PS,I3,G,1.00,1.49,1100,12/5/03
PS,IF,H,1.00,1.49,6100,12/5/03
PS,VVS1,H,1.00,1.49,5700,12/5/03
PS,VVS2,H,1.00,1.49,5400,12/5/03
PS,VS1,H,1.00,1.49,5100,12/5/03
PS,VS2,H,1.00,1.49,4800,12/5/03
PS,SI1,H,1.00,1.49,4400,12/5/03
PS,SI2,H,1.00,1.49,3900,12/5/03
PS,SI3,H,1.00,1.49,3300,12/5/03
PS,I1,H,1.00,1.49,2500,12/5/03
PS,I2,H,1.00,1.49,1800,12/5/03
PS,I3,H,1.00,1.49,1100,12/5/03
PS,IF,I,1.00,1.49,5200,12/5/03
PS,VVS1,I,1.00,1.49,5000,12/5/03
PS,VVS2,I,1.00,1.49,4800,12/5/03
PS,VS1,I,1.00,1.49,4600,12/5/03
PS,VS2,I,1.00,1.49,4300,12/5/03
PS,SI1,I,1.00,1.49,4000,12/5/03
PS,SI2,I,1.00,1.49,3500,12/5/03
PS,SI3,I,1.00,1.49,3000,12/5/03
PS,I1,I,1.00,1.49,2400,12/5/03
PS,I2,I,1.00,1.49,1700,12/5/03
PS,I3,I,1.00,1.49,1000,12/5/03
PS,IF,J,1.00,1.49,4400,12/5/03
PS,VVS1,J,1.00,1.49,4200,12/5/03
PS,VVS2,J,1.00,1.49,4000,12/5/03
PS,VS1,J,1.00,1.49,3800,12/5/03
PS,VS2,J,1.00,1.49,3700,12/5/03
PS,SI1,J,1.00,1.49,3500,12/5/03
PS,SI2,J,1.00,1.49,3000,12/5/03
PS,SI3,J,1.00,1.49,2600,12/5/03
PS,I1,J,1.00,1.49,2100,12/5/03
PS,I2,J,1.00,1.49,1400,12/5/03
PS,I3,J,1.00,1.49,1000,12/5/03
PS,IF,K,1.00,1.49,3600,12/5/03
PS,VVS1,K,1.00,1.49,3500,12/5/03
PS,VVS2,K,1.00,1.49,3400,12/5/03
PS,VS1,K,1.00,1.49,3300,12/5/03
PS,VS2,K,1.00,1.49,3200,12/5/03
PS,SI1,K,1.00,1.49,3000,12/5/03
PS,SI2,K,1.00,1.49,2700,12/5/03
PS,SI3,K,1.00,1.49,2300,12/5/03
PS,I1,K,1.00,1.49,1900,12/5/03
PS,I2,K,1.00,1.49,1200,12/5/03
PS,I3,K,1.00,1.49,900,12/5/03
PS,IF,L,1.00,1.49,3000,12/5/03
PS,VVS1,L,1.00,1.49,2900,12/5/03
PS,VVS2,L,1.00,1.49,2800,12/5/03
PS,VS1,L,1.00,1.49,2700,12/5/03
PS,VS2,L,1.00,1.49,2600,12/5/03
PS,SI1,L,1.00,1.49,2400,12/5/03
PS,SI2,L,1.00,1.49,2200,12/5/03
PS,SI3,L,1.00,1.49,1900,12/5/03
PS,I1,L,1.00,1.49,1500,12/5/03
PS,I2,L,1.00,1.49,1000,12/5/03
PS,I3,L,1.00,1.49,800,12/5/03
PS,IF,M,1.00,1.49,2500,12/5/03
PS,VVS1,M,1.00,1.49,2500,12/5/03
PS,VVS2,M,1.00,1.49,2400,12/5/03
PS,VS1,M,1.00,1.49,2300,12/5/03
PS,VS2,M,1.00,1.49,2300,12/5/03
PS,SI1,M,1.00,1.49,2100,12/5/03
PS,SI2,M,1.00,1.49,1900,12/5/03
PS,SI3,M,1.00,1.49,1800,12/5/03
PS,I1,M,1.00,1.49,1300,12/5/03
PS,I2,M,1.00,1.49,1100,12/5/03
PS,I3,M,1.00,1.49,800,12/5/03
PS,IF,D,1.50,1.99,15100,12/5/03
PS,VVS1,D,1.50,1.99,10100,12/5/03
PS,VVS2,D,1.50,1.99,9200,12/5/03
PS,VS1,D,1.50,1.99,8800,12/5/03
PS,VS2,D,1.50,1.99,8400,12/5/03
PS,SI1,D,1.50,1.99,7700,12/5/03
PS,SI2,D,1.50,1.99,6600,12/5/03
PS,SI3,D,1.50,1.99,5200,12/5/03
PS,I1,D,1.50,1.99,4000,12/5/03
PS,I2,D,1.50,1.99,2400,12/5/03
PS,I3,D,1.50,1.99,1300,12/5/03
PS,IF,E,1.50,1.99,10100,12/5/03
PS,VVS1,E,1.50,1.99,9100,12/5/03
PS,VVS2,E,1.50,1.99,8800,12/5/03
PS,VS1,E,1.50,1.99,8400,12/5/03
PS,VS2,E,1.50,1.99,8100,12/5/03
PS,SI1,E,1.50,1.99,7500,12/5/03
PS,SI2,E,1.50,1.99,6500,12/5/03
PS,SI3,E,1.50,1.99,5100,12/5/03
PS,I1,E,1.50,1.99,3900,12/5/03
PS,I2,E,1.50,1.99,2300,12/5/03
PS,I3,E,1.50,1.99,1300,12/5/03
PS,IF,F,1.50,1.99,9100,12/5/03
PS,VVS1,F,1.50,1.99,8700,12/5/03
PS,VVS2,F,1.50,1.99,8400,12/5/03
PS,VS1,F,1.50,1.99,8100,12/5/03
PS,VS2,F,1.50,1.99,7800,12/5/03
PS,SI1,F,1.50,1.99,7200,12/5/03
PS,SI2,F,1.50,1.99,6200,12/5/03
PS,SI3,F,1.50,1.99,4900,12/5/03
PS,I1,F,1.50,1.99,3700,12/5/03
PS,I2,F,1.50,1.99,2200,12/5/03
PS,I3,F,1.50,1.99,1200,12/5/03
PS,IF,G,1.50,1.99,8600,12/5/03
PS,VVS1,G,1.50,1.99,8300,12/5/03
PS,VVS2,G,1.50,1.99,7900,12/5/03
PS,VS1,G,1.50,1.99,7600,12/5/03
PS,VS2,G,1.50,1.99,7300,12/5/03
PS,SI1,G,1.50,1.99,6500,12/5/03
PS,SI2,G,1.50,1.99,5800,12/5/03
PS,SI3,G,1.50,1.99,4700,12/5/03
PS,I1,G,1.50,1.99,3600,12/5/03
PS,I2,G,1.50,1.99,2100,12/5/03
PS,I3,G,1.50,1.99,1200,12/5/03
PS,IF,H,1.50,1.99,7300,12/5/03
PS,VVS1,H,1.50,1.99,7100,12/5/03
PS,VVS2,H,1.50,1.99,6800,12/5/03
PS,VS1,H,1.50,1.99,6500,12/5/03
PS,VS2,H,1.50,1.99,6300,12/5/03
PS,SI1,H,1.50,1.99,5700,12/5/03
PS,SI2,H,1.50,1.99,5100,12/5/03
PS,SI3,H,1.50,1.99,4200,12/5/03
PS,I1,H,1.50,1.99,3200,12/5/03
PS,I2,H,1.50,1.99,2000,12/5/03
PS,I3,H,1.50,1.99,1100,12/5/03
PS,IF,I,1.50,1.99,6300,12/5/03
PS,VVS1,I,1.50,1.99,6100,12/5/03
PS,VVS2,I,1.50,1.99,6000,12/5/03
PS,VS1,I,1.50,1.99,5700,12/5/03
PS,VS2,I,1.50,1.99,5500,12/5/03
PS,SI1,I,1.50,1.99,5100,12/5/03
PS,SI2,I,1.50,1.99,4400,12/5/03
PS,SI3,I,1.50,1.99,3800,12/5/03
PS,I1,I,1.50,1.99,3000,12/5/03
PS,I2,I,1.50,1.99,1900,12/5/03
PS,I3,I,1.50,1.99,1100,12/5/03
PS,IF,J,1.50,1.99,5000,12/5/03
PS,VVS1,J,1.50,1.99,4900,12/5/03
PS,VVS2,J,1.50,1.99,4800,12/5/03
PS,VS1,J,1.50,1.99,4600,12/5/03
PS,VS2,J,1.50,1.99,4500,12/5/03
PS,SI1,J,1.50,1.99,4200,12/5/03
PS,SI2,J,1.50,1.99,3600,12/5/03
PS,SI3,J,1.50,1.99,3100,12/5/03
PS,I1,J,1.50,1.99,2500,12/5/03
PS,I2,J,1.50,1.99,1700,12/5/03
PS,I3,J,1.50,1.99,1000,12/5/03
PS,IF,K,1.50,1.99,4300,12/5/03
PS,VVS1,K,1.50,1.99,4200,12/5/03
PS,VVS2,K,1.50,1.99,4100,12/5/03
PS,VS1,K,1.50,1.99,3900,12/5/03
PS,VS2,K,1.50,1.99,3800,12/5/03
PS,SI1,K,1.50,1.99,3600,12/5/03
PS,SI2,K,1.50,1.99,3200,12/5/03
PS,SI3,K,1.50,1.99,2700,12/5/03
PS,I1,K,1.50,1.99,2200,12/5/03
PS,I2,K,1.50,1.99,1500,12/5/03
PS,I3,K,1.50,1.99,1000,12/5/03
PS,IF,L,1.50,1.99,3600,12/5/03
PS,VVS1,L,1.50,1.99,3500,12/5/03
PS,VVS2,L,1.50,1.99,3400,12/5/03
PS,VS1,L,1.50,1.99,3300,12/5/03
PS,VS2,L,1.50,1.99,3100,12/5/03
PS,SI1,L,1.50,1.99,2900,12/5/03
PS,SI2,L,1.50,1.99,2600,12/5/03
PS,SI3,L,1.50,1.99,2200,12/5/03
PS,I1,L,1.50,1.99,1800,12/5/03
PS,I2,L,1.50,1.99,1300,12/5/03
PS,I3,L,1.50,1.99,900,12/5/03
PS,IF,M,1.50,1.99,2900,12/5/03
PS,VVS1,M,1.50,1.99,2900,12/5/03
PS,VVS2,M,1.50,1.99,2800,12/5/03
PS,VS1,M,1.50,1.99,2700,12/5/03
PS,VS2,M,1.50,1.99,2600,12/5/03
PS,SI1,M,1.50,1.99,2400,12/5/03
PS,SI2,M,1.50,1.99,2200,12/5/03
PS,SI3,M,1.50,1.99,2000,12/5/03
PS,I1,M,1.50,1.99,1500,12/5/03
PS,I2,M,1.50,1.99,1300,12/5/03
PS,I3,M,1.50,1.99,800,12/5/03
PS,IF,D,2.00,2.99,22000,12/5/03
PS,VVS1,D,2.00,2.99,15200,12/5/03
PS,VVS2,D,2.00,2.99,13900,12/5/03
PS,VS1,D,2.00,2.99,12700,12/5/03
PS,VS2,D,2.00,2.99,11600,12/5/03
PS,SI1,D,2.00,2.99,9400,12/5/03
PS,SI2,D,2.00,2.99,7200,12/5/03
PS,SI3,D,2.00,2.99,5800,12/5/03
PS,I1,D,2.00,2.99,4500,12/5/03
PS,I2,D,2.00,2.99,2600,12/5/03
PS,I3,D,2.00,2.99,1500,12/5/03
PS,IF,E,2.00,2.99,15200,12/5/03
PS,VVS1,E,2.00,2.99,13800,12/5/03
PS,VVS2,E,2.00,2.99,12700,12/5/03
PS,VS1,E,2.00,2.99,11900,12/5/03
PS,VS2,E,2.00,2.99,10500,12/5/03
PS,SI1,E,2.00,2.99,9100,12/5/03
PS,SI2,E,2.00,2.99,7000,12/5/03
PS,SI3,E,2.00,2.99,5600,12/5/03
PS,I1,E,2.00,2.99,4400,12/5/03
PS,I2,E,2.00,2.99,2500,12/5/03
PS,I3,E,2.00,2.99,1400,12/5/03
PS,IF,F,2.00,2.99,13800,12/5/03
PS,VVS1,F,2.00,2.99,12600,12/5/03
PS,VVS2,F,2.00,2.99,11900,12/5/03
PS,VS1,F,2.00,2.99,10600,12/5/03
PS,VS2,F,2.00,2.99,9900,12/5/03
PS,SI1,F,2.00,2.99,8700,12/5/03
PS,SI2,F,2.00,2.99,6800,12/5/03
PS,SI3,F,2.00,2.99,5400,12/5/03
PS,I1,F,2.00,2.99,4200,12/5/03
PS,I2,F,2.00,2.99,2400,12/5/03
PS,I3,F,2.00,2.99,1400,12/5/03
PS,IF,G,2.00,2.99,12300,12/5/03
PS,VVS1,G,2.00,2.99,11700,12/5/03
PS,VVS2,G,2.00,2.99,10400,12/5/03
PS,VS1,G,2.00,2.99,9800,12/5/03
PS,VS2,G,2.00,2.99,9000,12/5/03
PS,SI1,G,2.00,2.99,7700,12/5/03
PS,SI2,G,2.00,2.99,6400,12/5/03
PS,SI3,G,2.00,2.99,5100,12/5/03
PS,I1,G,2.00,2.99,4000,12/5/03
PS,I2,G,2.00,2.99,2300,12/5/03
PS,I3,G,2.00,2.99,1300,12/5/03
PS,IF,H,2.00,2.99,10700,12/5/03
PS,VVS1,H,2.00,2.99,9600,12/5/03
PS,VVS2,H,2.00,2.99,8500,12/5/03
PS,VS1,H,2.00,2.99,8000,12/5/03
PS,VS2,H,2.00,2.99,7300,12/5/03
PS,SI1,H,2.00,2.99,6500,12/5/03
PS,SI2,H,2.00,2.99,5500,12/5/03
PS,SI3,H,2.00,2.99,4500,12/5/03
PS,I1,H,2.00,2.99,3600,12/5/03
PS,I2,H,2.00,2.99,2200,12/5/03
PS,I3,H,2.00,2.99,1200,12/5/03
PS,IF,I,2.00,2.99,8200,12/5/03
PS,VVS1,I,2.00,2.99,7900,12/5/03
PS,VVS2,I,2.00,2.99,7400,12/5/03
PS,VS1,I,2.00,2.99,6800,12/5/03
PS,VS2,I,2.00,2.99,6200,12/5/03
PS,SI1,I,2.00,2.99,5600,12/5/03
PS,SI2,I,2.00,2.99,4900,12/5/03
PS,SI3,I,2.00,2.99,4200,12/5/03
PS,I1,I,2.00,2.99,3300,12/5/03
PS,I2,I,2.00,2.99,2100,12/5/03
PS,I3,I,2.00,2.99,1200,12/5/03
PS,IF,J,2.00,2.99,6200,12/5/03
PS,VVS1,J,2.00,2.99,5900,12/5/03
PS,VVS2,J,2.00,2.99,5600,12/5/03
PS,VS1,J,2.00,2.99,5300,12/5/03
PS,VS2,J,2.00,2.99,5000,12/5/03
PS,SI1,J,2.00,2.99,4600,12/5/03
PS,SI2,J,2.00,2.99,4000,12/5/03
PS,SI3,J,2.00,2.99,3400,12/5/03
PS,I1,J,2.00,2.99,2700,12/5/03
PS,I2,J,2.00,2.99,1900,12/5/03
PS,I3,J,2.00,2.99,1100,12/5/03
PS,IF,K,2.00,2.99,5100,12/5/03
PS,VVS1,K,2.00,2.99,4800,12/5/03
PS,VVS2,K,2.00,2.99,4600,12/5/03
PS,VS1,K,2.00,2.99,4400,12/5/03
PS,VS2,K,2.00,2.99,4300,12/5/03
PS,SI1,K,2.00,2.99,4000,12/5/03
PS,SI2,K,2.00,2.99,3600,12/5/03
PS,SI3,K,2.00,2.99,3000,12/5/03
PS,I1,K,2.00,2.99,2400,12/5/03
PS,I2,K,2.00,2.99,1800,12/5/03
PS,I3,K,2.00,2.99,1100,12/5/03
PS,IF,L,2.00,2.99,4100,12/5/03
PS,VVS1,L,2.00,2.99,3900,12/5/03
PS,VVS2,L,2.00,2.99,3700,12/5/03
PS,VS1,L,2.00,2.99,3500,12/5/03
PS,VS2,L,2.00,2.99,3400,12/5/03
PS,SI1,L,2.00,2.99,3200,12/5/03
PS,SI2,L,2.00,2.99,3000,12/5/03
PS,SI3,L,2.00,2.99,2500,12/5/03
PS,I1,L,2.00,2.99,2000,12/5/03
PS,I2,L,2.00,2.99,1600,12/5/03
PS,I3,L,2.00,2.99,1000,12/5/03
PS,IF,M,2.00,2.99,3300,12/5/03
PS,VVS1,M,2.00,2.99,3200,12/5/03
PS,VVS2,M,2.00,2.99,3000,12/5/03
PS,VS1,M,2.00,2.99,2900,12/5/03
PS,VS2,M,2.00,2.99,2800,12/5/03
PS,SI1,M,2.00,2.99,2700,12/5/03
PS,SI2,M,2.00,2.99,2500,12/5/03
PS,SI3,M,2.00,2.99,2200,12/5/03
PS,I1,M,2.00,2.99,1800,12/5/03
PS,I2,M,2.00,2.99,1500,12/5/03
PS,I3,M,2.00,2.99,900,12/5/03
PS,IF,D,3.00,3.99,30400,12/5/03
PS,VVS1,D,3.00,3.99,22200,12/5/03
PS,VVS2,D,3.00,3.99,19300,12/5/03
PS,VS1,D,3.00,3.99,17300,12/5/03
PS,VS2,D,3.00,3.99,15400,12/5/03
PS,SI1,D,3.00,3.99,12800,12/5/03
PS,SI2,D,3.00,3.99,8900,12/5/03
PS,SI3,D,3.00,3.99,7800,12/5/03
PS,I1,D,3.00,3.99,6700,12/5/03
PS,I2,D,3.00,3.99,3400,12/5/03
PS,I3,D,3.00,3.99,1800,12/5/03
PS,IF,E,3.00,3.99,22200,12/5/03
PS,VVS1,E,3.00,3.99,19200,12/5/03
PS,VVS2,E,3.00,3.99,17300,12/5/03
PS,VS1,E,3.00,3.99,15500,12/5/03
PS,VS2,E,3.00,3.99,14100,12/5/03
PS,SI1,E,3.00,3.99,12000,12/5/03
PS,SI2,E,3.00,3.99,8400,12/5/03
PS,SI3,E,3.00,3.99,7400,12/5/03
PS,I1,E,3.00,3.99,6200,12/5/03
PS,I2,E,3.00,3.99,3200,12/5/03
PS,I3,E,3.00,3.99,1700,12/5/03
PS,IF,F,3.00,3.99,19200,12/5/03
PS,VVS1,F,3.00,3.99,17200,12/5/03
PS,VVS2,F,3.00,3.99,15500,12/5/03
PS,VS1,F,3.00,3.99,14200,12/5/03
PS,VS2,F,3.00,3.99,13200,12/5/03
PS,SI1,F,3.00,3.99,11100,12/5/03
PS,SI2,F,3.00,3.99,8000,12/5/03
PS,SI3,F,3.00,3.99,7100,12/5/03
PS,I1,F,3.00,3.99,5800,12/5/03
PS,I2,F,3.00,3.99,3000,12/5/03
PS,I3,F,3.00,3.99,1600,12/5/03
PS,IF,G,3.00,3.99,17100,12/5/03
PS,VVS1,G,3.00,3.99,15300,12/5/03
PS,VVS2,G,3.00,3.99,14000,12/5/03
PS,VS1,G,3.00,3.99,13100,12/5/03
PS,VS2,G,3.00,3.99,11400,12/5/03
PS,SI1,G,3.00,3.99,9700,12/5/03
PS,SI2,G,3.00,3.99,7700,12/5/03
PS,SI3,G,3.00,3.99,6700,12/5/03
PS,I1,G,3.00,3.99,5500,12/5/03
PS,I2,G,3.00,3.99,2800,12/5/03
PS,I3,G,3.00,3.99,1500,12/5/03
PS,IF,H,3.00,3.99,14200,12/5/03
PS,VVS1,H,3.00,3.99,13200,12/5/03
PS,VVS2,H,3.00,3.99,11700,12/5/03
PS,VS1,H,3.00,3.99,10800,12/5/03
PS,VS2,H,3.00,3.99,9400,12/5/03
PS,SI1,H,3.00,3.99,7900,12/5/03
PS,SI2,H,3.00,3.99,7100,12/5/03
PS,SI3,H,3.00,3.99,6000,12/5/03
PS,I1,H,3.00,3.99,5000,12/5/03
PS,I2,H,3.00,3.99,2600,12/5/03
PS,I3,H,3.00,3.99,1500,12/5/03
PS,IF,I,3.00,3.99,11500,12/5/03
PS,VVS1,I,3.00,3.99,10700,12/5/03
PS,VVS2,I,3.00,3.99,10200,12/5/03
PS,VS1,I,3.00,3.99,9400,12/5/03
PS,VS2,I,3.00,3.99,7900,12/5/03
PS,SI1,I,3.00,3.99,7200,12/5/03
PS,SI2,I,3.00,3.99,6100,12/5/03
PS,SI3,I,3.00,3.99,5300,12/5/03
PS,I1,I,3.00,3.99,4500,12/5/03
PS,I2,I,3.00,3.99,2400,12/5/03
PS,I3,I,3.00,3.99,1400,12/5/03
PS,IF,J,3.00,3.99,8300,12/5/03
PS,VVS1,J,3.00,3.99,8000,12/5/03
PS,VVS2,J,3.00,3.99,7500,12/5/03
PS,VS1,J,3.00,3.99,7000,12/5/03
PS,VS2,J,3.00,3.99,6700,12/5/03
PS,SI1,J,3.00,3.99,5900,12/5/03
PS,SI2,J,3.00,3.99,5000,12/5/03
PS,SI3,J,3.00,3.99,4300,12/5/03
PS,I1,J,3.00,3.99,3600,12/5/03
PS,I2,J,3.00,3.99,2200,12/5/03
PS,I3,J,3.00,3.99,1300,12/5/03
PS,IF,K,3.00,3.99,6600,12/5/03
PS,VVS1,K,3.00,3.99,6400,12/5/03
PS,VVS2,K,3.00,3.99,6000,12/5/03
PS,VS1,K,3.00,3.99,5600,12/5/03
PS,VS2,K,3.00,3.99,5400,12/5/03
PS,SI1,K,3.00,3.99,5000,12/5/03
PS,SI2,K,3.00,3.99,4300,12/5/03
PS,SI3,K,3.00,3.99,3800,12/5/03
PS,I1,K,3.00,3.99,3200,12/5/03
PS,I2,K,3.00,3.99,2000,12/5/03
PS,I3,K,3.00,3.99,1200,12/5/03
PS,IF,L,3.00,3.99,5300,12/5/03
PS,VVS1,L,3.00,3.99,5100,12/5/03
PS,VVS2,L,3.00,3.99,4800,12/5/03
PS,VS1,L,3.00,3.99,4500,12/5/03
PS,VS2,L,3.00,3.99,4400,12/5/03
PS,SI1,L,3.00,3.99,4000,12/5/03
PS,SI2,L,3.00,3.99,3600,12/5/03
PS,SI3,L,3.00,3.99,3100,12/5/03
PS,I1,L,3.00,3.99,2600,12/5/03
PS,I2,L,3.00,3.99,1800,12/5/03
PS,I3,L,3.00,3.99,1100,12/5/03
PS,IF,M,3.00,3.99,3800,12/5/03
PS,VVS1,M,3.00,3.99,3600,12/5/03
PS,VVS2,M,3.00,3.99,3500,12/5/03
PS,VS1,M,3.00,3.99,3300,12/5/03
PS,VS2,M,3.00,3.99,3200,12/5/03
PS,SI1,M,3.00,3.99,3000,12/5/03
PS,SI2,M,3.00,3.99,2700,12/5/03
PS,SI3,M,3.00,3.99,2400,12/5/03
PS,I1,M,3.00,3.99,2100,12/5/03
PS,I2,M,3.00,3.99,1700,12/5/03
PS,I3,M,3.00,3.99,1000,12/5/03
PS,IF,D,4.00,4.99,32800,12/5/03
PS,VVS1,D,4.00,4.99,24300,12/5/03
PS,VVS2,D,4.00,4.99,21400,12/5/03
PS,VS1,D,4.00,4.99,19400,12/5/03
PS,VS2,D,4.00,4.99,17300,12/5/03
PS,SI1,D,4.00,4.99,14100,12/5/03
PS,SI2,D,4.00,4.99,10100,12/5/03
PS,SI3,D,4.00,4.99,8900,12/5/03
PS,I1,D,4.00,4.99,7400,12/5/03
PS,I2,D,4.00,4.99,3900,12/5/03
PS,I3,D,4.00,4.99,2000,12/5/03
PS,IF,E,4.00,4.99,24300,12/5/03
PS,VVS1,E,4.00,4.99,21300,12/5/03
PS,VVS2,E,4.00,4.99,19400,12/5/03
PS,VS1,E,4.00,4.99,17400,12/5/03
PS,VS2,E,4.00,4.99,15600,12/5/03
PS,SI1,E,4.00,4.99,13400,12/5/03
PS,SI2,E,4.00,4.99,9600,12/5/03
PS,SI3,E,4.00,4.99,8400,12/5/03
PS,I1,E,4.00,4.99,6900,12/5/03
PS,I2,E,4.00,4.99,3600,12/5/03
PS,I3,E,4.00,4.99,1900,12/5/03
PS,IF,F,4.00,4.99,21300,12/5/03
PS,VVS1,F,4.00,4.99,19300,12/5/03
PS,VVS2,F,4.00,4.99,17400,12/5/03
PS,VS1,F,4.00,4.99,15700,12/5/03
PS,VS2,F,4.00,4.99,14300,12/5/03
PS,SI1,F,4.00,4.99,12400,12/5/03
PS,SI2,F,4.00,4.99,9200,12/5/03
PS,SI3,F,4.00,4.99,7900,12/5/03
PS,I1,F,4.00,4.99,6500,12/5/03
PS,I2,F,4.00,4.99,3400,12/5/03
PS,I3,F,4.00,4.99,1800,12/5/03
PS,IF,G,4.00,4.99,19200,12/5/03
PS,VVS1,G,4.00,4.99,17200,12/5/03
PS,VVS2,G,4.00,4.99,15300,12/5/03
PS,VS1,G,4.00,4.99,14200,12/5/03
PS,VS2,G,4.00,4.99,12700,12/5/03
PS,SI1,G,4.00,4.99,10800,12/5/03
PS,SI2,G,4.00,4.99,8800,12/5/03
PS,SI3,G,4.00,4.99,7400,12/5/03
PS,I1,G,4.00,4.99,6100,12/5/03
PS,I2,G,4.00,4.99,3200,12/5/03
PS,I3,G,4.00,4.99,1700,12/5/03
PS,IF,H,4.00,4.99,15700,12/5/03
PS,VVS1,H,4.00,4.99,14300,12/5/03
PS,VVS2,H,4.00,4.99,12800,12/5/03
PS,VS1,H,4.00,4.99,11800,12/5/03
PS,VS2,H,4.00,4.99,10300,12/5/03
PS,SI1,H,4.00,4.99,9200,12/5/03
PS,SI2,H,4.00,4.99,7600,12/5/03
PS,SI3,H,4.00,4.99,6600,12/5/03
PS,I1,H,4.00,4.99,5600,12/5/03
PS,I2,H,4.00,4.99,3000,12/5/03
PS,I3,H,4.00,4.99,1600,12/5/03
PS,IF,I,4.00,4.99,12200,12/5/03
PS,VVS1,I,4.00,4.99,11300,12/5/03
PS,VVS2,I,4.00,4.99,10800,12/5/03
PS,VS1,I,4.00,4.99,10200,12/5/03
PS,VS2,I,4.00,4.99,9200,12/5/03
PS,SI1,I,4.00,4.99,8200,12/5/03
PS,SI2,I,4.00,4.99,6600,12/5/03
PS,SI3,I,4.00,4.99,5700,12/5/03
PS,I1,I,4.00,4.99,4800,12/5/03
PS,I2,I,4.00,4.99,2800,12/5/03
PS,I3,I,4.00,4.99,1500,12/5/03
PS,IF,J,4.00,4.99,9000,12/5/03
PS,VVS1,J,4.00,4.99,8600,12/5/03
PS,VVS2,J,4.00,4.99,8100,12/5/03
PS,VS1,J,4.00,4.99,7600,12/5/03
PS,VS2,J,4.00,4.99,7200,12/5/03
PS,SI1,J,4.00,4.99,6600,12/5/03
PS,SI2,J,4.00,4.99,5600,12/5/03
PS,SI3,J,4.00,4.99,4900,12/5/03
PS,I1,J,4.00,4.99,4100,12/5/03
PS,I2,J,4.00,4.99,2600,12/5/03
PS,I3,J,4.00,4.99,1400,12/5/03
PS,IF,K,4.00,4.99,7300,12/5/03
PS,VVS1,K,4.00,4.99,6900,12/5/03
PS,VVS2,K,4.00,4.99,6500,12/5/03
PS,VS1,K,4.00,4.99,6200,12/5/03
PS,VS2,K,4.00,4.99,6000,12/5/03
PS,SI1,K,4.00,4.99,5600,12/5/03
PS,SI2,K,4.00,4.99,5100,12/5/03
PS,SI3,K,4.00,4.99,4400,12/5/03
PS,I1,K,4.00,4.99,3700,12/5/03
PS,I2,K,4.00,4.99,2300,12/5/03
PS,I3,K,4.00,4.99,1300,12/5/03
PS,IF,L,4.00,4.99,5800,12/5/03
PS,VVS1,L,4.00,4.99,5600,12/5/03
PS,VVS2,L,4.00,4.99,5400,12/5/03
PS,VS1,L,4.00,4.99,5100,12/5/03
PS,VS2,L,4.00,4.99,4900,12/5/03
PS,SI1,L,4.00,4.99,4600,12/5/03
PS,SI2,L,4.00,4.99,3900,12/5/03
PS,SI3,L,4.00,4.99,3500,12/5/03
PS,I1,L,4.00,4.99,3000,12/5/03
PS,I2,L,4.00,4.99,2100,12/5/03
PS,I3,L,4.00,4.99,1200,12/5/03
PS,IF,M,4.00,4.99,4500,12/5/03
PS,VVS1,M,4.00,4.99,4200,12/5/03
PS,VVS2,M,4.00,4.99,4100,12/5/03
PS,VS1,M,4.00,4.99,3900,12/5/03
PS,VS2,M,4.00,4.99,3800,12/5/03
PS,SI1,M,4.00,4.99,3600,12/5/03
PS,SI2,M,4.00,4.99,3100,12/5/03
PS,SI3,M,4.00,4.99,2700,12/5/03
PS,I1,M,4.00,4.99,2400,12/5/03
PS,I2,M,4.00,4.99,1900,12/5/03
PS,I3,M,4.00,4.99,1100,12/5/03
PS,IF,D,5.00,5.99,45200,12/5/03
PS,VVS1,D,5.00,5.99,32000,12/5/03
PS,VVS2,D,5.00,5.99,29000,12/5/03
PS,VS1,D,5.00,5.99,26000,12/5/03
PS,VS2,D,5.00,5.99,23400,12/5/03
PS,SI1,D,5.00,5.99,19000,12/5/03
PS,SI2,D,5.00,5.99,12900,12/5/03
PS,SI3,D,5.00,5.99,10500,12/5/03
PS,I1,D,5.00,5.99,7900,12/5/03
PS,I2,D,5.00,5.99,4300,12/5/03
PS,I3,D,5.00,5.99,2300,12/5/03
PS,IF,E,5.00,5.99,31700,12/5/03
PS,VVS1,E,5.00,5.99,29000,12/5/03
PS,VVS2,E,5.00,5.99,26000,12/5/03
PS,VS1,E,5.00,5.99,23500,12/5/03
PS,VS2,E,5.00,5.99,21200,12/5/03
PS,SI1,E,5.00,5.99,17500,12/5/03
PS,SI2,E,5.00,5.99,12400,12/5/03
PS,SI3,E,5.00,5.99,9900,12/5/03
PS,I1,E,5.00,5.99,7400,12/5/03
PS,I2,E,5.00,5.99,4100,12/5/03
PS,I3,E,5.00,5.99,2100,12/5/03
PS,IF,F,5.00,5.99,28700,12/5/03
PS,VVS1,F,5.00,5.99,26000,12/5/03
PS,VVS2,F,5.00,5.99,23500,12/5/03
PS,VS1,F,5.00,5.99,21300,12/5/03
PS,VS2,F,5.00,5.99,18500,12/5/03
PS,SI1,F,5.00,5.99,15500,12/5/03
PS,SI2,F,5.00,5.99,11900,12/5/03
PS,SI3,F,5.00,5.99,9500,12/5/03
PS,I1,F,5.00,5.99,7100,12/5/03
PS,I2,F,5.00,5.99,3900,12/5/03
PS,I3,F,5.00,5.99,1900,12/5/03
PS,IF,G,5.00,5.99,25600,12/5/03
PS,VVS1,G,5.00,5.99,23400,12/5/03
PS,VVS2,G,5.00,5.99,20900,12/5/03
PS,VS1,G,5.00,5.99,18500,12/5/03
PS,VS2,G,5.00,5.99,16300,12/5/03
PS,SI1,G,5.00,5.99,14000,12/5/03
PS,SI2,G,5.00,5.99,11300,12/5/03
PS,SI3,G,5.00,5.99,9000,12/5/03
PS,I1,G,5.00,5.99,6700,12/5/03
PS,I2,G,5.00,5.99,3700,12/5/03
PS,I3,G,5.00,5.99,1800,12/5/03
PS,IF,H,5.00,5.99,21400,12/5/03
PS,VVS1,H,5.00,5.99,19600,12/5/03
PS,VVS2,H,5.00,5.99,17100,12/5/03
PS,VS1,H,5.00,5.99,15600,12/5/03
PS,VS2,H,5.00,5.99,13600,12/5/03
PS,SI1,H,5.00,5.99,11600,12/5/03
PS,SI2,H,5.00,5.99,9600,12/5/03
PS,SI3,H,5.00,5.99,7900,12/5/03
PS,I1,H,5.00,5.99,6100,12/5/03
PS,I2,H,5.00,5.99,3500,12/5/03
PS,I3,H,5.00,5.99,1700,12/5/03
PS,IF,I,5.00,5.99,15600,12/5/03
PS,VVS1,I,5.00,5.99,14800,12/5/03
PS,VVS2,I,5.00,5.99,14300,12/5/03
PS,VS1,I,5.00,5.99,13100,12/5/03
PS,VS2,I,5.00,5.99,11600,12/5/03
PS,SI1,I,5.00,5.99,9600,12/5/03
PS,SI2,I,5.00,5.99,8100,12/5/03
PS,SI3,I,5.00,5.99,6900,12/5/03
PS,I1,I,5.00,5.99,5600,12/5/03
PS,I2,I,5.00,5.99,3300,12/5/03
PS,I3,I,5.00,5.99,1600,12/5/03
PS,IF,J,5.00,5.99,11300,12/5/03
PS,VVS1,J,5.00,5.99,10900,12/5/03
PS,VVS2,J,5.00,5.99,10400,12/5/03
PS,VS1,J,5.00,5.99,9900,12/5/03
PS,VS2,J,5.00,5.99,9100,12/5/03
PS,SI1,J,5.00,5.99,8100,12/5/03
PS,SI2,J,5.00,5.99,7100,12/5/03
PS,SI3,J,5.00,5.99,6100,12/5/03
PS,I1,J,5.00,5.99,5100,12/5/03
PS,I2,J,5.00,5.99,3000,12/5/03
PS,I3,J,5.00,5.99,1500,12/5/03
PS,IF,K,5.00,5.99,9100,12/5/03
PS,VVS1,K,5.00,5.99,8800,12/5/03
PS,VVS2,K,5.00,5.99,8500,12/5/03
PS,VS1,K,5.00,5.99,8000,12/5/03
PS,VS2,K,5.00,5.99,7700,12/5/03
PS,SI1,K,5.00,5.99,7200,12/5/03
PS,SI2,K,5.00,5.99,6200,12/5/03
PS,SI3,K,5.00,5.99,5400,12/5/03
PS,I1,K,5.00,5.99,4600,12/5/03
PS,I2,K,5.00,5.99,2700,12/5/03
PS,I3,K,5.00,5.99,1400,12/5/03
PS,IF,L,5.00,5.99,7100,12/5/03
PS,VVS1,L,5.00,5.99,6900,12/5/03
PS,VVS2,L,5.00,5.99,6700,12/5/03
PS,VS1,L,5.00,5.99,6500,12/5/03
PS,VS2,L,5.00,5.99,6300,12/5/03
PS,SI1,L,5.00,5.99,5900,12/5/03
PS,SI2,L,5.00,5.99,5000,12/5/03
PS,SI3,L,5.00,5.99,4600,12/5/03
PS,I1,L,5.00,5.99,4000,12/5/03
PS,I2,L,5.00,5.99,2400,12/5/03
PS,I3,L,5.00,5.99,1300,12/5/03
PS,IF,M,5.00,5.99,5400,12/5/03
PS,VVS1,M,5.00,5.99,5200,12/5/03
PS,VVS2,M,5.00,5.99,5000,12/5/03
PS,VS1,M,5.00,5.99,4800,12/5/03
PS,VS2,M,5.00,5.99,4600,12/5/03
PS,SI1,M,5.00,5.99,4400,12/5/03
PS,SI2,M,5.00,5.99,4000,12/5/03
PS,SI3,M,5.00,5.99,3400,12/5/03
PS,I1,M,5.00,5.99,2900,12/5/03
PS,I2,M,5.00,5.99,2100,12/5/03
PS,I3,M,5.00,5.99,1200,12/5/03