BR,IF,D,0.01,0.03,850,12/12/03
BR,VVS1,D,0.01,0.03,850,12/12/03
BR,VVS2,D,0.01,0.03,850,12/12/03
BR,VS1,D,0.01,0.03,740,12/12/03
BR,VS2,D,0.01,0.03,740,12/12/03
BR,SI1,D,0.01,0.03,670,12/12/03
BR,SI2,D,0.01,0.03,610,12/12/03
BR,SI3,D,0.01,0.03,550,12/12/03
BR,I1,D,0.01,0.03,500,12/12/03
BR,I2,D,0.01,0.03,390,12/12/03
BR,I3,D,0.01,0.03,220,12/12/03
BR,IF,E,0.01,0.03,850,12/12/03
BR,VVS1,E,0.01,0.03,850,12/12/03
BR,VVS2,E,0.01,0.03,850,12/12/03
BR,VS1,E,0.01,0.03,740,12/12/03
BR,VS2,E,0.01,0.03,740,12/12/03
BR,SI1,E,0.01,0.03,670,12/12/03
BR,SI2,E,0.01,0.03,610,12/12/03
BR,SI3,E,0.01,0.03,550,12/12/03
BR,I1,E,0.01,0.03,500,12/12/03
BR,I2,E,0.01,0.03,390,12/12/03
BR,I3,E,0.01,0.03,220,12/12/03
BR,IF,F,0.01,0.03,850,12/12/03
BR,VVS1,F,0.01,0.03,850,12/12/03
BR,VVS2,F,0.01,0.03,850,12/12/03
BR,VS1,F,0.01,0.03,740,12/12/03
BR,VS2,F,0.01,0.03,740,12/12/03
BR,SI1,F,0.01,0.03,670,12/12/03
BR,SI2,F,0.01,0.03,610,12/12/03
BR,SI3,F,0.01,0.03,550,12/12/03
BR,I1,F,0.01,0.03,500,12/12/03
BR,I2,F,0.01,0.03,390,12/12/03
BR,I3,F,0.01,0.03,220,12/12/03
BR,IF,G,0.01,0.03,740,12/12/03
BR,VVS1,G,0.01,0.03,740,12/12/03
BR,VVS2,G,0.01,0.03,740,12/12/03
BR,VS1,G,0.01,0.03,680,12/12/03
BR,VS2,G,0.01,0.03,680,12/12/03
BR,SI1,G,0.01,0.03,630,12/12/03
BR,SI2,G,0.01,0.03,580,12/12/03
BR,SI3,G,0.01,0.03,510,12/12/03
BR,I1,G,0.01,0.03,450,12/12/03
BR,I2,G,0.01,0.03,350,12/12/03
BR,I3,G,0.01,0.03,200,12/12/03
BR,IF,H,0.01,0.03,740,12/12/03
BR,VVS1,H,0.01,0.03,740,12/12/03
BR,VVS2,H,0.01,0.03,740,12/12/03
BR,VS1,H,0.01,0.03,680,12/12/03
BR,VS2,H,0.01,0.03,680,12/12/03
BR,SI1,H,0.01,0.03,630,12/12/03
BR,SI2,H,0.01,0.03,580,12/12/03
BR,SI3,H,0.01,0.03,510,12/12/03
BR,I1,H,0.01,0.03,450,12/12/03
BR,I2,H,0.01,0.03,350,12/12/03
BR,I3,H,0.01,0.03,200,12/12/03
BR,IF,I,0.01,0.03,650,12/12/03
BR,VVS1,I,0.01,0.03,650,12/12/03
BR,VVS2,I,0.01,0.03,650,12/12/03
BR,VS1,I,0.01,0.03,600,12/12/03
BR,VS2,I,0.01,0.03,600,12/12/03
BR,SI1,I,0.01,0.03,550,12/12/03
BR,SI2,I,0.01,0.03,500,12/12/03
BR,SI3,I,0.01,0.03,450,12/12/03
BR,I1,I,0.01,0.03,370,12/12/03
BR,I2,I,0.01,0.03,320,12/12/03
BR,I3,I,0.01,0.03,160,12/12/03
BR,IF,J,0.01,0.03,650,12/12/03
BR,VVS1,J,0.01,0.03,650,12/12/03
BR,VVS2,J,0.01,0.03,650,12/12/03
BR,VS1,J,0.01,0.03,600,12/12/03
BR,VS2,J,0.01,0.03,600,12/12/03
BR,SI1,J,0.01,0.03,550,12/12/03
BR,SI2,J,0.01,0.03,500,12/12/03
BR,SI3,J,0.01,0.03,450,12/12/03
BR,I1,J,0.01,0.03,370,12/12/03
BR,I2,J,0.01,0.03,320,12/12/03
BR,I3,J,0.01,0.03,160,12/12/03
BR,IF,K,0.01,0.03,500,12/12/03
BR,VVS1,K,0.01,0.03,500,12/12/03
BR,VVS2,K,0.01,0.03,500,12/12/03
BR,VS1,K,0.01,0.03,450,12/12/03
BR,VS2,K,0.01,0.03,450,12/12/03
BR,SI1,K,0.01,0.03,400,12/12/03
BR,SI2,K,0.01,0.03,370,12/12/03
BR,SI3,K,0.01,0.03,340,12/12/03
BR,I1,K,0.01,0.03,300,12/12/03
BR,I2,K,0.01,0.03,250,12/12/03
BR,I3,K,0.01,0.03,140,12/12/03
BR,IF,L,0.01,0.03,500,12/12/03
BR,VVS1,L,0.01,0.03,500,12/12/03
BR,VVS2,L,0.01,0.03,500,12/12/03
BR,VS1,L,0.01,0.03,450,12/12/03
BR,VS2,L,0.01,0.03,450,12/12/03
BR,SI1,L,0.01,0.03,400,12/12/03
BR,SI2,L,0.01,0.03,370,12/12/03
BR,SI3,L,0.01,0.03,340,12/12/03
BR,I1,L,0.01,0.03,300,12/12/03
BR,I2,L,0.01,0.03,250,12/12/03
BR,I3,L,0.01,0.03,140,12/12/03
BR,IF,M,0.01,0.03,370,12/12/03
BR,VVS1,M,0.01,0.03,370,12/12/03
BR,VVS2,M,0.01,0.03,370,12/12/03
BR,VS1,M,0.01,0.03,340,12/12/03
BR,VS2,M,0.01,0.03,340,12/12/03
BR,SI1,M,0.01,0.03,310,12/12/03
BR,SI2,M,0.01,0.03,280,12/12/03
BR,SI3,M,0.01,0.03,250,12/12/03
BR,I1,M,0.01,0.03,220,12/12/03
BR,I2,M,0.01,0.03,190,12/12/03
BR,I3,M,0.01,0.03,120,12/12/03
BR,IF,N,0.01,0.03,370,12/12/03
BR,VVS1,N,0.01,0.03,370,12/12/03
BR,VVS2,N,0.01,0.03,370,12/12/03
BR,VS1,N,0.01,0.03,340,12/12/03
BR,VS2,N,0.01,0.03,340,12/12/03
BR,SI1,N,0.01,0.03,310,12/12/03
BR,SI2,N,0.01,0.03,280,12/12/03
BR,SI3,N,0.01,0.03,250,12/12/03
BR,I1,N,0.01,0.03,220,12/12/03
BR,I2,N,0.01,0.03,190,12/12/03
BR,I3,N,0.01,0.03,120,12/12/03
BR,IF,D,0.04,0.07,870,12/12/03
BR,VVS1,D,0.04,0.07,870,12/12/03
BR,VVS2,D,0.04,0.07,870,12/12/03
BR,VS1,D,0.04,0.07,760,12/12/03
BR,VS2,D,0.04,0.07,760,12/12/03
BR,SI1,D,0.04,0.07,690,12/12/03
BR,SI2,D,0.04,0.07,630,12/12/03
BR,SI3,D,0.04,0.07,570,12/12/03
BR,I1,D,0.04,0.07,520,12/12/03
BR,I2,D,0.04,0.07,410,12/12/03
BR,I3,D,0.04,0.07,240,12/12/03
BR,IF,E,0.04,0.07,870,12/12/03
BR,VVS1,E,0.04,0.07,870,12/12/03
BR,VVS2,E,0.04,0.07,870,12/12/03
BR,VS1,E,0.04,0.07,760,12/12/03
BR,VS2,E,0.04,0.07,760,12/12/03
BR,SI1,E,0.04,0.07,690,12/12/03
BR,SI2,E,0.04,0.07,630,12/12/03
BR,SI3,E,0.04,0.07,570,12/12/03
BR,I1,E,0.04,0.07,520,12/12/03
BR,I2,E,0.04,0.07,410,12/12/03
BR,I3,E,0.04,0.07,240,12/12/03
BR,IF,F,0.04,0.07,870,12/12/03
BR,VVS1,F,0.04,0.07,870,12/12/03
BR,VVS2,F,0.04,0.07,870,12/12/03
BR,VS1,F,0.04,0.07,760,12/12/03
BR,VS2,F,0.04,0.07,760,12/12/03
BR,SI1,F,0.04,0.07,690,12/12/03
BR,SI2,F,0.04,0.07,630,12/12/03
BR,SI3,F,0.04,0.07,570,12/12/03
BR,I1,F,0.04,0.07,520,12/12/03
BR,I2,F,0.04,0.07,410,12/12/03
BR,I3,F,0.04,0.07,240,12/12/03
BR,IF,G,0.04,0.07,760,12/12/03
BR,VVS1,G,0.04,0.07,760,12/12/03
BR,VVS2,G,0.04,0.07,760,12/12/03
BR,VS1,G,0.04,0.07,700,12/12/03
BR,VS2,G,0.04,0.07,700,12/12/03
BR,SI1,G,0.04,0.07,650,12/12/03
BR,SI2,G,0.04,0.07,600,12/12/03
BR,SI3,G,0.04,0.07,530,12/12/03
BR,I1,G,0.04,0.07,470,12/12/03
BR,I2,G,0.04,0.07,370,12/12/03
BR,I3,G,0.04,0.07,220,12/12/03
BR,IF,H,0.04,0.07,760,12/12/03
BR,VVS1,H,0.04,0.07,760,12/12/03
BR,VVS2,H,0.04,0.07,760,12/12/03
BR,VS1,H,0.04,0.07,700,12/12/03
BR,VS2,H,0.04,0.07,700,12/12/03
BR,SI1,H,0.04,0.07,650,12/12/03
BR,SI2,H,0.04,0.07,600,12/12/03
BR,SI3,H,0.04,0.07,530,12/12/03
BR,I1,H,0.04,0.07,470,12/12/03
BR,I2,H,0.04,0.07,370,12/12/03
BR,I3,H,0.04,0.07,220,12/12/03
BR,IF,I,0.04,0.07,670,12/12/03
BR,VVS1,I,0.04,0.07,670,12/12/03
BR,VVS2,I,0.04,0.07,670,12/12/03
BR,VS1,I,0.04,0.07,620,12/12/03
BR,VS2,I,0.04,0.07,620,12/12/03
BR,SI1,I,0.04,0.07,570,12/12/03
BR,SI2,I,0.04,0.07,520,12/12/03
BR,SI3,I,0.04,0.07,470,12/12/03
BR,I1,I,0.04,0.07,390,12/12/03
BR,I2,I,0.04,0.07,340,12/12/03
BR,I3,I,0.04,0.07,180,12/12/03
BR,IF,J,0.04,0.07,670,12/12/03
BR,VVS1,J,0.04,0.07,670,12/12/03
BR,VVS2,J,0.04,0.07,670,12/12/03
BR,VS1,J,0.04,0.07,620,12/12/03
BR,VS2,J,0.04,0.07,620,12/12/03
BR,SI1,J,0.04,0.07,570,12/12/03
BR,SI2,J,0.04,0.07,520,12/12/03
BR,SI3,J,0.04,0.07,470,12/12/03
BR,I1,J,0.04,0.07,390,12/12/03
BR,I2,J,0.04,0.07,340,12/12/03
BR,I3,J,0.04,0.07,180,12/12/03
BR,IF,K,0.04,0.07,520,12/12/03
BR,VVS1,K,0.04,0.07,520,12/12/03
BR,VVS2,K,0.04,0.07,520,12/12/03
BR,VS1,K,0.04,0.07,470,12/12/03
BR,VS2,K,0.04,0.07,470,12/12/03
BR,SI1,K,0.04,0.07,420,12/12/03
BR,SI2,K,0.04,0.07,390,12/12/03
BR,SI3,K,0.04,0.07,360,12/12/03
BR,I1,K,0.04,0.07,320,12/12/03
BR,I2,K,0.04,0.07,270,12/12/03
BR,I3,K,0.04,0.07,160,12/12/03
BR,IF,L,0.04,0.07,520,12/12/03
BR,VVS1,L,0.04,0.07,520,12/12/03
BR,VVS2,L,0.04,0.07,520,12/12/03
BR,VS1,L,0.04,0.07,470,12/12/03
BR,VS2,L,0.04,0.07,470,12/12/03
BR,SI1,L,0.04,0.07,420,12/12/03
BR,SI2,L,0.04,0.07,390,12/12/03
BR,SI3,L,0.04,0.07,360,12/12/03
BR,I1,L,0.04,0.07,320,12/12/03
BR,I2,L,0.04,0.07,270,12/12/03
BR,I3,L,0.04,0.07,160,12/12/03
BR,IF,M,0.04,0.07,390,12/12/03
BR,VVS1,M,0.04,0.07,390,12/12/03
BR,VVS2,M,0.04,0.07,390,12/12/03
BR,VS1,M,0.04,0.07,360,12/12/03
BR,VS2,M,0.04,0.07,360,12/12/03
BR,SI1,M,0.04,0.07,330,12/12/03
BR,SI2,M,0.04,0.07,300,12/12/03
BR,SI3,M,0.04,0.07,270,12/12/03
BR,I1,M,0.04,0.07,240,12/12/03
BR,I2,M,0.04,0.07,210,12/12/03
BR,I3,M,0.04,0.07,140,12/12/03
BR,IF,N,0.04,0.07,390,12/12/03
BR,VVS1,N,0.04,0.07,390,12/12/03
BR,VVS2,N,0.04,0.07,390,12/12/03
BR,VS1,N,0.04,0.07,360,12/12/03
BR,VS2,N,0.04,0.07,360,12/12/03
BR,SI1,N,0.04,0.07,330,12/12/03
BR,SI2,N,0.04,0.07,300,12/12/03
BR,SI3,N,0.04,0.07,270,12/12/03
BR,I1,N,0.04,0.07,240,12/12/03
BR,I2,N,0.04,0.07,210,12/12/03
BR,I3,N,0.04,0.07,140,12/12/03
BR,IF,D,0.08,0.14,950,12/12/03
BR,VVS1,D,0.08,0.14,950,12/12/03
BR,VVS2,D,0.08,0.14,950,12/12/03
BR,VS1,D,0.08,0.14,830,12/12/03
BR,VS2,D,0.08,0.14,830,12/12/03
BR,SI1,D,0.08,0.14,750,12/12/03
BR,SI2,D,0.08,0.14,710,12/12/03
BR,SI3,D,0.08,0.14,620,12/12/03
BR,I1,D,0.08,0.14,550,12/12/03
BR,I2,D,0.08,0.14,430,12/12/03
BR,I3,D,0.08,0.14,260,12/12/03
BR,IF,E,0.08,0.14,950,12/12/03
BR,VVS1,E,0.08,0.14,950,12/12/03
BR,VVS2,E,0.08,0.14,950,12/12/03
BR,VS1,E,0.08,0.14,830,12/12/03
BR,VS2,E,0.08,0.14,830,12/12/03
BR,SI1,E,0.08,0.14,750,12/12/03
BR,SI2,E,0.08,0.14,710,12/12/03
BR,SI3,E,0.08,0.14,620,12/12/03
BR,I1,E,0.08,0.14,550,12/12/03
BR,I2,E,0.08,0.14,430,12/12/03
BR,I3,E,0.08,0.14,260,12/12/03
BR,IF,F,0.08,0.14,950,12/12/03
BR,VVS1,F,0.08,0.14,950,12/12/03
BR,VVS2,F,0.08,0.14,950,12/12/03
BR,VS1,F,0.08,0.14,830,12/12/03
BR,VS2,F,0.08,0.14,830,12/12/03
BR,SI1,F,0.08,0.14,750,12/12/03
BR,SI2,F,0.08,0.14,710,12/12/03
BR,SI3,F,0.08,0.14,620,12/12/03
BR,I1,F,0.08,0.14,550,12/12/03
BR,I2,F,0.08,0.14,430,12/12/03
BR,I3,F,0.08,0.14,260,12/12/03
BR,IF,G,0.08,0.14,800,12/12/03
BR,VVS1,G,0.08,0.14,800,12/12/03
BR,VVS2,G,0.08,0.14,800,12/12/03
BR,VS1,G,0.08,0.14,750,12/12/03
BR,VS2,G,0.08,0.14,750,12/12/03
BR,SI1,G,0.08,0.14,710,12/12/03
BR,SI2,G,0.08,0.14,640,12/12/03
BR,SI3,G,0.08,0.14,580,12/12/03
BR,I1,G,0.08,0.14,500,12/12/03
BR,I2,G,0.08,0.14,390,12/12/03
BR,I3,G,0.08,0.14,240,12/12/03
BR,IF,H,0.08,0.14,800,12/12/03
BR,VVS1,H,0.08,0.14,800,12/12/03
BR,VVS2,H,0.08,0.14,800,12/12/03
BR,VS1,H,0.08,0.14,750,12/12/03
BR,VS2,H,0.08,0.14,750,12/12/03
BR,SI1,H,0.08,0.14,710,12/12/03
BR,SI2,H,0.08,0.14,640,12/12/03
BR,SI3,H,0.08,0.14,580,12/12/03
BR,I1,H,0.08,0.14,500,12/12/03
BR,I2,H,0.08,0.14,390,12/12/03
BR,I3,H,0.08,0.14,240,12/12/03
BR,IF,I,0.08,0.14,720,12/12/03
BR,VVS1,I,0.08,0.14,720,12/12/03
BR,VVS2,I,0.08,0.14,720,12/12/03
BR,VS1,I,0.08,0.14,670,12/12/03
BR,VS2,I,0.08,0.14,670,12/12/03
BR,SI1,I,0.08,0.14,600,12/12/03
BR,SI2,I,0.08,0.14,550,12/12/03
BR,SI3,I,0.08,0.14,500,12/12/03
BR,I1,I,0.08,0.14,410,12/12/03
BR,I2,I,0.08,0.14,360,12/12/03
BR,I3,I,0.08,0.14,200,12/12/03
BR,IF,J,0.08,0.14,720,12/12/03
BR,VVS1,J,0.08,0.14,720,12/12/03
BR,VVS2,J,0.08,0.14,720,12/12/03
BR,VS1,J,0.08,0.14,670,12/12/03
BR,VS2,J,0.08,0.14,670,12/12/03
BR,SI1,J,0.08,0.14,600,12/12/03
BR,SI2,J,0.08,0.14,550,12/12/03
BR,SI3,J,0.08,0.14,500,12/12/03
BR,I1,J,0.08,0.14,410,12/12/03
BR,I2,J,0.08,0.14,360,12/12/03
BR,I3,J,0.08,0.14,200,12/12/03
BR,IF,K,0.08,0.14,580,12/12/03
BR,VVS1,K,0.08,0.14,580,12/12/03
BR,VVS2,K,0.08,0.14,580,12/12/03
BR,VS1,K,0.08,0.14,520,12/12/03
BR,VS2,K,0.08,0.14,520,12/12/03
BR,SI1,K,0.08,0.14,450,12/12/03
BR,SI2,K,0.08,0.14,410,12/12/03
BR,SI3,K,0.08,0.14,380,12/12/03
BR,I1,K,0.08,0.14,340,12/12/03
BR,I2,K,0.08,0.14,290,12/12/03
BR,I3,K,0.08,0.14,180,12/12/03
BR,IF,L,0.08,0.14,580,12/12/03
BR,VVS1,L,0.08,0.14,580,12/12/03
BR,VVS2,L,0.08,0.14,580,12/12/03
BR,VS1,L,0.08,0.14,520,12/12/03
BR,VS2,L,0.08,0.14,520,12/12/03
BR,SI1,L,0.08,0.14,450,12/12/03
BR,SI2,L,0.08,0.14,410,12/12/03
BR,SI3,L,0.08,0.14,380,12/12/03
BR,I1,L,0.08,0.14,340,12/12/03
BR,I2,L,0.08,0.14,290,12/12/03
BR,I3,L,0.08,0.14,180,12/12/03
BR,IF,M,0.08,0.14,430,12/12/03
BR,VVS1,M,0.08,0.14,430,12/12/03
BR,VVS2,M,0.08,0.14,430,12/12/03
BR,VS1,M,0.08,0.14,380,12/12/03
BR,VS2,M,0.08,0.14,380,12/12/03
BR,SI1,M,0.08,0.14,350,12/12/03
BR,SI2,M,0.08,0.14,320,12/12/03
BR,SI3,M,0.08,0.14,290,12/12/03
BR,I1,M,0.08,0.14,260,12/12/03
BR,I2,M,0.08,0.14,230,12/12/03
BR,I3,M,0.08,0.14,160,12/12/03
BR,IF,N,0.08,0.14,430,12/12/03
BR,VVS1,N,0.08,0.14,430,12/12/03
BR,VVS2,N,0.08,0.14,430,12/12/03
BR,VS1,N,0.08,0.14,380,12/12/03
BR,VS2,N,0.08,0.14,380,12/12/03
BR,SI1,N,0.08,0.14,350,12/12/03
BR,SI2,N,0.08,0.14,320,12/12/03
BR,SI3,N,0.08,0.14,290,12/12/03
BR,I1,N,0.08,0.14,260,12/12/03
BR,I2,N,0.08,0.14,230,12/12/03
BR,I3,N,0.08,0.14,160,12/12/03
BR,IF,D,0.15,0.17,1100,12/12/03
BR,VVS1,D,0.15,0.17,1100,12/12/03
BR,VVS2,D,0.15,0.17,1100,12/12/03
BR,VS1,D,0.15,0.17,950,12/12/03
BR,VS2,D,0.15,0.17,950,12/12/03
BR,SI1,D,0.15,0.17,850,12/12/03
BR,SI2,D,0.15,0.17,770,12/12/03
BR,SI3,D,0.15,0.17,670,12/12/03
BR,I1,D,0.15,0.17,590,12/12/03
BR,I2,D,0.15,0.17,450,12/12/03
BR,I3,D,0.15,0.17,280,12/12/03
BR,IF,E,0.15,0.17,1100,12/12/03
BR,VVS1,E,0.15,0.17,1100,12/12/03
BR,VVS2,E,0.15,0.17,1100,12/12/03
BR,VS1,E,0.15,0.17,950,12/12/03
BR,VS2,E,0.15,0.17,950,12/12/03
BR,SI1,E,0.15,0.17,850,12/12/03
BR,SI2,E,0.15,0.17,770,12/12/03
BR,SI3,E,0.15,0.17,670,12/12/03
BR,I1,E,0.15,0.17,590,12/12/03
BR,I2,E,0.15,0.17,450,12/12/03
BR,I3,E,0.15,0.17,280,12/12/03
BR,IF,F,0.15,0.17,1100,12/12/03
BR,VVS1,F,0.15,0.17,1100,12/12/03
BR,VVS2,F,0.15,0.17,1100,12/12/03
BR,VS1,F,0.15,0.17,950,12/12/03
BR,VS2,F,0.15,0.17,950,12/12/03
BR,SI1,F,0.15,0.17,850,12/12/03
BR,SI2,F,0.15,0.17,770,12/12/03
BR,SI3,F,0.15,0.17,670,12/12/03
BR,I1,F,0.15,0.17,590,12/12/03
BR,I2,F,0.15,0.17,450,12/12/03
BR,I3,F,0.15,0.17,280,12/12/03
BR,IF,G,0.15,0.17,950,12/12/03
BR,VVS1,G,0.15,0.17,950,12/12/03
BR,VVS2,G,0.15,0.17,950,12/12/03
BR,VS1,G,0.15,0.17,850,12/12/03
BR,VS2,G,0.15,0.17,850,12/12/03
BR,SI1,G,0.15,0.17,800,12/12/03
BR,SI2,G,0.15,0.17,720,12/12/03
BR,SI3,G,0.15,0.17,620,12/12/03
BR,I1,G,0.15,0.17,560,12/12/03
BR,I2,G,0.15,0.17,420,12/12/03
BR,I3,G,0.15,0.17,260,12/12/03
BR,IF,H,0.15,0.17,950,12/12/03
BR,VVS1,H,0.15,0.17,950,12/12/03
BR,VVS2,H,0.15,0.17,950,12/12/03
BR,VS1,H,0.15,0.17,850,12/12/03
BR,VS2,H,0.15,0.17,850,12/12/03
BR,SI1,H,0.15,0.17,800,12/12/03
BR,SI2,H,0.15,0.17,720,12/12/03
BR,SI3,H,0.15,0.17,620,12/12/03
BR,I1,H,0.15,0.17,560,12/12/03
BR,I2,H,0.15,0.17,420,12/12/03
BR,I3,H,0.15,0.17,260,12/12/03
BR,IF,I,0.15,0.17,820,12/12/03
BR,VVS1,I,0.15,0.17,820,12/12/03
BR,VVS2,I,0.15,0.17,820,12/12/03
BR,VS1,I,0.15,0.17,770,12/12/03
BR,VS2,I,0.15,0.17,770,12/12/03
BR,SI1,I,0.15,0.17,700,12/12/03
BR,SI2,I,0.15,0.17,630,12/12/03
BR,SI3,I,0.15,0.17,550,12/12/03
BR,I1,I,0.15,0.17,500,12/12/03
BR,I2,I,0.15,0.17,380,12/12/03
BR,I3,I,0.15,0.17,230,12/12/03
BR,IF,J,0.15,0.17,820,12/12/03
BR,VVS1,J,0.15,0.17,820,12/12/03
BR,VVS2,J,0.15,0.17,820,12/12/03
BR,VS1,J,0.15,0.17,770,12/12/03
BR,VS2,J,0.15,0.17,770,12/12/03
BR,SI1,J,0.15,0.17,700,12/12/03
BR,SI2,J,0.15,0.17,630,12/12/03
BR,SI3,J,0.15,0.17,550,12/12/03
BR,I1,J,0.15,0.17,500,12/12/03
BR,I2,J,0.15,0.17,380,12/12/03
BR,I3,J,0.15,0.17,230,12/12/03
BR,IF,K,0.15,0.17,690,12/12/03
BR,VVS1,K,0.15,0.17,690,12/12/03
BR,VVS2,K,0.15,0.17,690,12/12/03
BR,VS1,K,0.15,0.17,640,12/12/03
BR,VS2,K,0.15,0.17,640,12/12/03
BR,SI1,K,0.15,0.17,560,12/12/03
BR,SI2,K,0.15,0.17,510,12/12/03
BR,SI3,K,0.15,0.17,420,12/12/03
BR,I1,K,0.15,0.17,380,12/12/03
BR,I2,K,0.15,0.17,310,12/12/03
BR,I3,K,0.15,0.17,210,12/12/03
BR,IF,L,0.15,0.17,690,12/12/03
BR,VVS1,L,0.15,0.17,690,12/12/03
BR,VVS2,L,0.15,0.17,690,12/12/03
BR,VS1,L,0.15,0.17,640,12/12/03
BR,VS2,L,0.15,0.17,640,12/12/03
BR,SI1,L,0.15,0.17,560,12/12/03
BR,SI2,L,0.15,0.17,510,12/12/03
BR,SI3,L,0.15,0.17,420,12/12/03
BR,I1,L,0.15,0.17,380,12/12/03
BR,I2,L,0.15,0.17,310,12/12/03
BR,I3,L,0.15,0.17,210,12/12/03
BR,IF,M,0.15,0.17,540,12/12/03
BR,VVS1,M,0.15,0.17,540,12/12/03
BR,VVS2,M,0.15,0.17,540,12/12/03
BR,VS1,M,0.15,0.17,490,12/12/03
BR,VS2,M,0.15,0.17,490,12/12/03
BR,SI1,M,0.15,0.17,450,12/12/03
BR,SI2,M,0.15,0.17,350,12/12/03
BR,SI3,M,0.15,0.17,320,12/12/03
BR,I1,M,0.15,0.17,290,12/12/03
BR,I2,M,0.15,0.17,270,12/12/03
BR,I3,M,0.15,0.17,190,12/12/03
BR,IF,N,0.15,0.17,540,12/12/03
BR,VVS1,N,0.15,0.17,540,12/12/03
BR,VVS2,N,0.15,0.17,540,12/12/03
BR,VS1,N,0.15,0.17,490,12/12/03
BR,VS2,N,0.15,0.17,490,12/12/03
BR,SI1,N,0.15,0.17,450,12/12/03
BR,SI2,N,0.15,0.17,350,12/12/03
BR,SI3,N,0.15,0.17,320,12/12/03
BR,I1,N,0.15,0.17,290,12/12/03
BR,I2,N,0.15,0.17,270,12/12/03
BR,I3,N,0.15,0.17,190,12/12/03
BR,IF,D,0.18,0.22,1450,12/12/03
BR,VVS1,D,0.18,0.22,1450,12/12/03
BR,VVS2,D,0.18,0.22,1450,12/12/03
BR,VS1,D,0.18,0.22,1250,12/12/03
BR,VS2,D,0.18,0.22,1250,12/12/03
BR,SI1,D,0.18,0.22,1150,12/12/03
BR,SI2,D,0.18,0.22,1000,12/12/03
BR,SI3,D,0.18,0.22,900,12/12/03
BR,I1,D,0.18,0.22,750,12/12/03
BR,I2,D,0.18,0.22,580,12/12/03
BR,I3,D,0.18,0.22,330,12/12/03
BR,IF,E,0.18,0.22,1450,12/12/03
BR,VVS1,E,0.18,0.22,1450,12/12/03
BR,VVS2,E,0.18,0.22,1450,12/12/03
BR,VS1,E,0.18,0.22,1250,12/12/03
BR,VS2,E,0.18,0.22,1250,12/12/03
BR,SI1,E,0.18,0.22,1150,12/12/03
BR,SI2,E,0.18,0.22,1000,12/12/03
BR,SI3,E,0.18,0.22,900,12/12/03
BR,I1,E,0.18,0.22,750,12/12/03
BR,I2,E,0.18,0.22,580,12/12/03
BR,I3,E,0.18,0.22,330,12/12/03
BR,IF,F,0.18,0.22,1450,12/12/03
BR,VVS1,F,0.18,0.22,1450,12/12/03
BR,VVS2,F,0.18,0.22,1450,12/12/03
BR,VS1,F,0.18,0.22,1250,12/12/03
BR,VS2,F,0.18,0.22,1250,12/12/03
BR,SI1,F,0.18,0.22,1150,12/12/03
BR,SI2,F,0.18,0.22,1000,12/12/03
BR,SI3,F,0.18,0.22,900,12/12/03
BR,I1,F,0.18,0.22,750,12/12/03
BR,I2,F,0.18,0.22,580,12/12/03
BR,I3,F,0.18,0.22,330,12/12/03
BR,IF,G,0.18,0.22,1250,12/12/03
BR,VVS1,G,0.18,0.22,1250,12/12/03
BR,VVS2,G,0.18,0.22,1250,12/12/03
BR,VS1,G,0.18,0.22,1130,12/12/03
BR,VS2,G,0.18,0.22,1130,12/12/03
BR,SI1,G,0.18,0.22,1050,12/12/03
BR,SI2,G,0.18,0.22,950,12/12/03
BR,SI3,G,0.18,0.22,850,12/12/03
BR,I1,G,0.18,0.22,720,12/12/03
BR,I2,G,0.18,0.22,550,12/12/03
BR,I3,G,0.18,0.22,290,12/12/03
BR,IF,H,0.18,0.22,1250,12/12/03
BR,VVS1,H,0.18,0.22,1250,12/12/03
BR,VVS2,H,0.18,0.22,1250,12/12/03
BR,VS1,H,0.18,0.22,1130,12/12/03
BR,VS2,H,0.18,0.22,1130,12/12/03
BR,SI1,H,0.18,0.22,1050,12/12/03
BR,SI2,H,0.18,0.22,950,12/12/03
BR,SI3,H,0.18,0.22,850,12/12/03
BR,I1,H,0.18,0.22,720,12/12/03
BR,I2,H,0.18,0.22,550,12/12/03
BR,I3,H,0.18,0.22,290,12/12/03
BR,IF,I,0.18,0.22,1050,12/12/03
BR,VVS1,I,0.18,0.22,1050,12/12/03
BR,VVS2,I,0.18,0.22,1050,12/12/03
BR,VS1,I,0.18,0.22,1000,12/12/03
BR,VS2,I,0.18,0.22,1000,12/12/03
BR,SI1,I,0.18,0.22,920,12/12/03
BR,SI2,I,0.18,0.22,840,12/12/03
BR,SI3,I,0.18,0.22,720,12/12/03
BR,I1,I,0.18,0.22,620,12/12/03
BR,I2,I,0.18,0.22,450,12/12/03
BR,I3,I,0.18,0.22,260,12/12/03
BR,IF,J,0.18,0.22,1050,12/12/03
BR,VVS1,J,0.18,0.22,1050,12/12/03
BR,VVS2,J,0.18,0.22,1050,12/12/03
BR,VS1,J,0.18,0.22,1000,12/12/03
BR,VS2,J,0.18,0.22,1000,12/12/03
BR,SI1,J,0.18,0.22,920,12/12/03
BR,SI2,J,0.18,0.22,840,12/12/03
BR,SI3,J,0.18,0.22,720,12/12/03
BR,I1,J,0.18,0.22,620,12/12/03
BR,I2,J,0.18,0.22,450,12/12/03
BR,I3,J,0.18,0.22,260,12/12/03
BR,IF,K,0.18,0.22,860,12/12/03
BR,VVS1,K,0.18,0.22,860,12/12/03
BR,VVS2,K,0.18,0.22,860,12/12/03
BR,VS1,K,0.18,0.22,810,12/12/03
BR,VS2,K,0.18,0.22,810,12/12/03
BR,SI1,K,0.18,0.22,760,12/12/03
BR,SI2,K,0.18,0.22,660,12/12/03
BR,SI3,K,0.18,0.22,560,12/12/03
BR,I1,K,0.18,0.22,510,12/12/03
BR,I2,K,0.18,0.22,400,12/12/03
BR,I3,K,0.18,0.22,240,12/12/03
BR,IF,L,0.18,0.22,860,12/12/03
BR,VVS1,L,0.18,0.22,860,12/12/03
BR,VVS2,L,0.18,0.22,860,12/12/03
BR,VS1,L,0.18,0.22,810,12/12/03
BR,VS2,L,0.18,0.22,810,12/12/03
BR,SI1,L,0.18,0.22,760,12/12/03
BR,SI2,L,0.18,0.22,660,12/12/03
BR,SI3,L,0.18,0.22,560,12/12/03
BR,I1,L,0.18,0.22,510,12/12/03
BR,I2,L,0.18,0.22,400,12/12/03
BR,I3,L,0.18,0.22,240,12/12/03
BR,IF,M,0.18,0.22,670,12/12/03
BR,VVS1,M,0.18,0.22,670,12/12/03
BR,VVS2,M,0.18,0.22,670,12/12/03
BR,VS1,M,0.18,0.22,650,12/12/03
BR,VS2,M,0.18,0.22,650,12/12/03
BR,SI1,M,0.18,0.22,580,12/12/03
BR,SI2,M,0.18,0.22,510,12/12/03
BR,SI3,M,0.18,0.22,460,12/12/03
BR,I1,M,0.18,0.22,410,12/12/03
BR,I2,M,0.18,0.22,360,12/12/03
BR,I3,M,0.18,0.22,220,12/12/03
BR,IF,N,0.18,0.22,670,12/12/03
BR,VVS1,N,0.18,0.22,670,12/12/03
BR,VVS2,N,0.18,0.22,670,12/12/03
BR,VS1,N,0.18,0.22,650,12/12/03
BR,VS2,N,0.18,0.22,650,12/12/03
BR,SI1,N,0.18,0.22,580,12/12/03
BR,SI2,N,0.18,0.22,510,12/12/03
BR,SI3,N,0.18,0.22,460,12/12/03
BR,I1,N,0.18,0.22,410,12/12/03
BR,I2,N,0.18,0.22,360,12/12/03
BR,I3,N,0.18,0.22,220,12/12/03
BR,IF,D,0.23,0.29,2300,12/12/03
BR,VVS1,D,0.23,0.29,2300,12/12/03
BR,VVS2,D,0.23,0.29,2300,12/12/03
BR,VS1,D,0.23,0.29,1700,12/12/03
BR,VS2,D,0.23,0.29,1700,12/12/03
BR,SI1,D,0.23,0.29,1400,12/12/03
BR,SI2,D,0.23,0.29,1150,12/12/03
BR,SI3,D,0.23,0.29,1000,12/12/03
BR,I1,D,0.23,0.29,810,12/12/03
BR,I2,D,0.23,0.29,670,12/12/03
BR,I3,D,0.23,0.29,410,12/12/03
BR,IF,E,0.23,0.29,2300,12/12/03
BR,VVS1,E,0.23,0.29,2300,12/12/03
BR,VVS2,E,0.23,0.29,2300,12/12/03
BR,VS1,E,0.23,0.29,1700,12/12/03
BR,VS2,E,0.23,0.29,1700,12/12/03
BR,SI1,E,0.23,0.29,1400,12/12/03
BR,SI2,E,0.23,0.29,1150,12/12/03
BR,SI3,E,0.23,0.29,1000,12/12/03
BR,I1,E,0.23,0.29,810,12/12/03
BR,I2,E,0.23,0.29,670,12/12/03
BR,I3,E,0.23,0.29,410,12/12/03
BR,IF,F,0.23,0.29,2300,12/12/03
BR,VVS1,F,0.23,0.29,2300,12/12/03
BR,VVS2,F,0.23,0.29,2300,12/12/03
BR,VS1,F,0.23,0.29,1700,12/12/03
BR,VS2,F,0.23,0.29,1700,12/12/03
BR,SI1,F,0.23,0.29,1400,12/12/03
BR,SI2,F,0.23,0.29,1150,12/12/03
BR,SI3,F,0.23,0.29,1000,12/12/03
BR,I1,F,0.23,0.29,810,12/12/03
BR,I2,F,0.23,0.29,670,12/12/03
BR,I3,F,0.23,0.29,410,12/12/03
BR,IF,G,0.23,0.29,1800,12/12/03
BR,VVS1,G,0.23,0.29,1800,12/12/03
BR,VVS2,G,0.23,0.29,1800,12/12/03
BR,VS1,G,0.23,0.29,1400,12/12/03
BR,VS2,G,0.23,0.29,1400,12/12/03
BR,SI1,G,0.23,0.29,1250,12/12/03
BR,SI2,G,0.23,0.29,1070,12/12/03
BR,SI3,G,0.23,0.29,950,12/12/03
BR,I1,G,0.23,0.29,780,12/12/03
BR,I2,G,0.23,0.29,650,12/12/03
BR,I3,G,0.23,0.29,370,12/12/03
BR,IF,H,0.23,0.29,1800,12/12/03
BR,VVS1,H,0.23,0.29,1800,12/12/03
BR,VVS2,H,0.23,0.29,1800,12/12/03
BR,VS1,H,0.23,0.29,1400,12/12/03
BR,VS2,H,0.23,0.29,1400,12/12/03
BR,SI1,H,0.23,0.29,1250,12/12/03
BR,SI2,H,0.23,0.29,1070,12/12/03
BR,SI3,H,0.23,0.29,950,12/12/03
BR,I1,H,0.23,0.29,780,12/12/03
BR,I2,H,0.23,0.29,650,12/12/03
BR,I3,H,0.23,0.29,370,12/12/03
BR,IF,I,0.23,0.29,1300,12/12/03
BR,VVS1,I,0.23,0.29,1300,12/12/03
BR,VVS2,I,0.23,0.29,1300,12/12/03
BR,VS1,I,0.23,0.29,1150,12/12/03
BR,VS2,I,0.23,0.29,1150,12/12/03
BR,SI1,I,0.23,0.29,1050,12/12/03
BR,SI2,I,0.23,0.29,970,12/12/03
BR,SI3,I,0.23,0.29,870,12/12/03
BR,I1,I,0.23,0.29,700,12/12/03
BR,I2,I,0.23,0.29,550,12/12/03
BR,I3,I,0.23,0.29,330,12/12/03
BR,IF,J,0.23,0.29,1300,12/12/03
BR,VVS1,J,0.23,0.29,1300,12/12/03
BR,VVS2,J,0.23,0.29,1300,12/12/03
BR,VS1,J,0.23,0.29,1150,12/12/03
BR,VS2,J,0.23,0.29,1150,12/12/03
BR,SI1,J,0.23,0.29,1050,12/12/03
BR,SI2,J,0.23,0.29,970,12/12/03
BR,SI3,J,0.23,0.29,870,12/12/03
BR,I1,J,0.23,0.29,700,12/12/03
BR,I2,J,0.23,0.29,550,12/12/03
BR,I3,J,0.23,0.29,330,12/12/03
BR,IF,K,0.23,0.29,1010,12/12/03
BR,VVS1,K,0.23,0.29,1010,12/12/03
BR,VVS2,K,0.23,0.29,1010,12/12/03
BR,VS1,K,0.23,0.29,910,12/12/03
BR,VS2,K,0.23,0.29,910,12/12/03
BR,SI1,K,0.23,0.29,860,12/12/03
BR,SI2,K,0.23,0.29,810,12/12/03
BR,SI3,K,0.23,0.29,760,12/12/03
BR,I1,K,0.23,0.29,660,12/12/03
BR,I2,K,0.23,0.29,490,12/12/03
BR,I3,K,0.23,0.29,290,12/12/03
BR,IF,L,0.23,0.29,1010,12/12/03
BR,VVS1,L,0.23,0.29,1010,12/12/03
BR,VVS2,L,0.23,0.29,1010,12/12/03
BR,VS1,L,0.23,0.29,910,12/12/03
BR,VS2,L,0.23,0.29,910,12/12/03
BR,SI1,L,0.23,0.29,860,12/12/03
BR,SI2,L,0.23,0.29,810,12/12/03
BR,SI3,L,0.23,0.29,760,12/12/03
BR,I1,L,0.23,0.29,660,12/12/03
BR,I2,L,0.23,0.29,490,12/12/03
BR,I3,L,0.23,0.29,290,12/12/03
BR,IF,M,0.23,0.29,810,12/12/03
BR,VVS1,M,0.23,0.29,810,12/12/03
BR,VVS2,M,0.23,0.29,810,12/12/03
BR,VS1,M,0.23,0.29,760,12/12/03
BR,VS2,M,0.23,0.29,760,12/12/03
BR,SI1,M,0.23,0.29,710,12/12/03
BR,SI2,M,0.23,0.29,610,12/12/03
BR,SI3,M,0.23,0.29,560,12/12/03
BR,I1,M,0.23,0.29,490,12/12/03
BR,I2,M,0.23,0.29,400,12/12/03
BR,I3,M,0.23,0.29,260,12/12/03
BR,IF,N,0.23,0.29,810,12/12/03
BR,VVS1,N,0.23,0.29,810,12/12/03
BR,VVS2,N,0.23,0.29,810,12/12/03
BR,VS1,N,0.23,0.29,760,12/12/03
BR,VS2,N,0.23,0.29,760,12/12/03
BR,SI1,N,0.23,0.29,710,12/12/03
BR,SI2,N,0.23,0.29,610,12/12/03
BR,SI3,N,0.23,0.29,560,12/12/03
BR,I1,N,0.23,0.29,490,12/12/03
BR,I2,N,0.23,0.29,400,12/12/03
BR,I3,N,0.23,0.29,260,12/12/03
BR,IF,D,0.30,0.37,4600,12/12/03
BR,VVS1,D,0.30,0.37,4000,12/12/03
BR,VVS2,D,0.30,0.37,3500,12/12/03
BR,VS1,D,0.30,0.37,3200,12/12/03
BR,VS2,D,0.30,0.37,2900,12/12/03
BR,SI1,D,0.30,0.37,2200,12/12/03
BR,SI2,D,0.30,0.37,1800,12/12/03
BR,SI3,D,0.30,0.37,1600,12/12/03
BR,I1,D,0.30,0.37,1300,12/12/03
BR,I2,D,0.30,0.37,1000,12/12/03
BR,I3,D,0.30,0.37,700,12/12/03
BR,IF,E,0.30,0.37,4100,12/12/03
BR,VVS1,E,0.30,0.37,3700,12/12/03
BR,VVS2,E,0.30,0.37,3300,12/12/03
BR,VS1,E,0.30,0.37,3000,12/12/03
BR,VS2,E,0.30,0.37,2700,12/12/03
BR,SI1,E,0.30,0.37,2100,12/12/03
BR,SI2,E,0.30,0.37,1700,12/12/03
BR,SI3,E,0.30,0.37,1600,12/12/03
BR,I1,E,0.30,0.37,1200,12/12/03
BR,I2,E,0.30,0.37,900,12/12/03
BR,I3,E,0.30,0.37,600,12/12/03
BR,IF,F,0.30,0.37,3800,12/12/03
BR,VVS1,F,0.30,0.37,3500,12/12/03
BR,VVS2,F,0.30,0.37,3000,12/12/03
BR,VS1,F,0.30,0.37,2800,12/12/03
BR,VS2,F,0.30,0.37,2500,12/12/03
BR,SI1,F,0.30,0.37,2000,12/12/03
BR,SI2,F,0.30,0.37,1600,12/12/03
BR,SI3,F,0.30,0.37,1500,12/12/03
BR,I1,F,0.30,0.37,1100,12/12/03
BR,I2,F,0.30,0.37,800,12/12/03
BR,I3,F,0.30,0.37,600,12/12/03
BR,IF,G,0.30,0.37,3600,12/12/03
BR,VVS1,G,0.30,0.37,3200,12/12/03
BR,VVS2,G,0.30,0.37,2800,12/12/03
BR,VS1,G,0.30,0.37,2500,12/12/03
BR,VS2,G,0.30,0.37,2200,12/12/03
BR,SI1,G,0.30,0.37,1800,12/12/03
BR,SI2,G,0.30,0.37,1500,12/12/03
BR,SI3,G,0.30,0.37,1400,12/12/03
BR,I1,G,0.30,0.37,1000,12/12/03
BR,I2,G,0.30,0.37,800,12/12/03
BR,I3,G,0.30,0.37,500,12/12/03
BR,IF,H,0.30,0.37,3000,12/12/03
BR,VVS1,H,0.30,0.37,2600,12/12/03
BR,VVS2,H,0.30,0.37,2200,12/12/03
BR,VS1,H,0.30,0.37,2000,12/12/03
BR,VS2,H,0.30,0.37,1800,12/12/03
BR,SI1,H,0.30,0.37,1600,12/12/03
BR,SI2,H,0.30,0.37,1400,12/12/03
BR,SI3,H,0.30,0.37,1300,12/12/03
BR,I1,H,0.30,0.37,900,12/12/03
BR,I2,H,0.30,0.37,700,12/12/03
BR,I3,H,0.30,0.37,500,12/12/03
BR,IF,I,0.30,0.37,2300,12/12/03
BR,VVS1,I,0.30,0.37,2000,12/12/03
BR,VVS2,I,0.30,0.37,1900,12/12/03
BR,VS1,I,0.30,0.37,1800,12/12/03
BR,VS2,I,0.30,0.37,1600,12/12/03
BR,SI1,I,0.30,0.37,1500,12/12/03
BR,SI2,I,0.30,0.37,1300,12/12/03
BR,SI3,I,0.30,0.37,1200,12/12/03
BR,I1,I,0.30,0.37,900,12/12/03
BR,I2,I,0.30,0.37,700,12/12/03
BR,I3,I,0.30,0.37,500,12/12/03
BR,IF,J,0.30,0.37,1800,12/12/03
BR,VVS1,J,0.30,0.37,1700,12/12/03
BR,VVS2,J,0.30,0.37,1600,12/12/03
BR,VS1,J,0.30,0.37,1500,12/12/03
BR,VS2,J,0.30,0.37,1400,12/12/03
BR,SI1,J,0.30,0.37,1300,12/12/03
BR,SI2,J,0.30,0.37,1200,12/12/03
BR,SI3,J,0.30,0.37,1100,12/12/03
BR,I1,J,0.30,0.37,800,12/12/03
BR,I2,J,0.30,0.37,700,12/12/03
BR,I3,J,0.30,0.37,400,12/12/03
BR,IF,K,0.30,0.37,1600,12/12/03
BR,VVS1,K,0.30,0.37,1500,12/12/03
BR,VVS2,K,0.30,0.37,1400,12/12/03
BR,VS1,K,0.30,0.37,1300,12/12/03
BR,VS2,K,0.30,0.37,1200,12/12/03
BR,SI1,K,0.30,0.37,1100,12/12/03
BR,SI2,K,0.30,0.37,1000,12/12/03
BR,SI3,K,0.30,0.37,900,12/12/03
BR,I1,K,0.30,0.37,800,12/12/03
BR,I2,K,0.30,0.37,600,12/12/03
BR,I3,K,0.30,0.37,400,12/12/03
BR,IF,L,0.30,0.37,1300,12/12/03
BR,VVS1,L,0.30,0.37,1200,12/12/03
BR,VVS2,L,0.30,0.37,1200,12/12/03
BR,VS1,L,0.30,0.37,1100,12/12/03
BR,VS2,L,0.30,0.37,1100,12/12/03
BR,SI1,L,0.30,0.37,1000,12/12/03
BR,SI2,L,0.30,0.37,900,12/12/03
BR,SI3,L,0.30,0.37,700,12/12/03
BR,I1,L,0.30,0.37,600,12/12/03
BR,I2,L,0.30,0.37,500,12/12/03
BR,I3,L,0.30,0.37,300,12/12/03
BR,IF,M,0.30,0.37,1100,12/12/03
BR,VVS1,M,0.30,0.37,1100,12/12/03
BR,VVS2,M,0.30,0.37,1000,12/12/03
BR,VS1,M,0.30,0.37,900,12/12/03
BR,VS2,M,0.30,0.37,900,12/12/03
BR,SI1,M,0.30,0.37,800,12/12/03
BR,SI2,M,0.30,0.37,700,12/12/03
BR,SI3,M,0.30,0.37,600,12/12/03
BR,I1,M,0.30,0.37,500,12/12/03
BR,I2,M,0.30,0.37,400,12/12/03
BR,I3,M,0.30,0.37,300,12/12/03
BR,IF,D,0.38,0.45,4900,12/12/03
BR,VVS1,D,0.38,0.45,4300,12/12/03
BR,VVS2,D,0.38,0.45,3800,12/12/03
BR,VS1,D,0.38,0.45,3400,12/12/03
BR,VS2,D,0.38,0.45,3000,12/12/03
BR,SI1,D,0.38,0.45,2400,12/12/03
BR,SI2,D,0.38,0.45,2100,12/12/03
BR,SI3,D,0.38,0.45,1900,12/12/03
BR,I1,D,0.38,0.45,1500,12/12/03
BR,I2,D,0.38,0.45,1100,12/12/03
BR,I3,D,0.38,0.45,800,12/12/03
BR,IF,E,0.38,0.45,4300,12/12/03
BR,VVS1,E,0.38,0.45,4000,12/12/03
BR,VVS2,E,0.38,0.45,3600,12/12/03
BR,VS1,E,0.38,0.45,3200,12/12/03
BR,VS2,E,0.38,0.45,2800,12/12/03
BR,SI1,E,0.38,0.45,2300,12/12/03
BR,SI2,E,0.38,0.45,2000,12/12/03
BR,SI3,E,0.38,0.45,1800,12/12/03
BR,I1,E,0.38,0.45,1400,12/12/03
BR,I2,E,0.38,0.45,1000,12/12/03
BR,I3,E,0.38,0.45,700,12/12/03
BR,IF,F,0.38,0.45,4100,12/12/03
BR,VVS1,F,0.38,0.45,3800,12/12/03
BR,VVS2,F,0.38,0.45,3300,12/12/03
BR,VS1,F,0.38,0.45,3000,12/12/03
BR,VS2,F,0.38,0.45,2600,12/12/03
BR,SI1,F,0.38,0.45,2200,12/12/03
BR,SI2,F,0.38,0.45,1900,12/12/03
BR,SI3,F,0.38,0.45,1700,12/12/03
BR,I1,F,0.38,0.45,1400,12/12/03
BR,I2,F,0.38,0.45,1000,12/12/03
BR,I3,F,0.38,0.45,700,12/12/03
BR,IF,G,0.38,0.45,3800,12/12/03
BR,VVS1,G,0.38,0.45,3400,12/12/03
BR,VVS2,G,0.38,0.45,3000,12/12/03
BR,VS1,G,0.38,0.45,2700,12/12/03
BR,VS2,G,0.38,0.45,2400,12/12/03
BR,SI1,G,0.38,0.45,2100,12/12/03
BR,SI2,G,0.38,0.45,1800,12/12/03
BR,SI3,G,0.38,0.45,1600,12/12/03
BR,I1,G,0.38,0.45,1300,12/12/03
BR,I2,G,0.38,0.45,900,12/12/03
BR,I3,G,0.38,0.45,600,12/12/03
BR,IF,H,0.38,0.45,3200,12/12/03
BR,VVS1,H,0.38,0.45,2900,12/12/03
BR,VVS2,H,0.38,0.45,2500,12/12/03
BR,VS1,H,0.38,0.45,2300,12/12/03
BR,VS2,H,0.38,0.45,2100,12/12/03
BR,SI1,H,0.38,0.45,1900,12/12/03
BR,SI2,H,0.38,0.45,1700,12/12/03
BR,SI3,H,0.38,0.45,1500,12/12/03
BR,I1,H,0.38,0.45,1200,12/12/03
BR,I2,H,0.38,0.45,900,12/12/03
BR,I3,H,0.38,0.45,600,12/12/03
BR,IF,I,0.38,0.45,2600,12/12/03
BR,VVS1,I,0.38,0.45,2300,12/12/03
BR,VVS2,I,0.38,0.45,2200,12/12/03
BR,VS1,I,0.38,0.45,2100,12/12/03
BR,VS2,I,0.38,0.45,1900,12/12/03
BR,SI1,I,0.38,0.45,1700,12/12/03
BR,SI2,I,0.38,0.45,1500,12/12/03
BR,SI3,I,0.38,0.45,1400,12/12/03
BR,I1,I,0.38,0.45,1100,12/12/03
BR,I2,I,0.38,0.45,800,12/12/03
BR,I3,I,0.38,0.45,600,12/12/03
BR,IF,J,0.38,0.45,2100,12/12/03
BR,VVS1,J,0.38,0.45,2000,12/12/03
BR,VVS2,J,0.38,0.45,1900,12/12/03
BR,VS1,J,0.38,0.45,1800,12/12/03
BR,VS2,J,0.38,0.45,1600,12/12/03
BR,SI1,J,0.38,0.45,1500,12/12/03
BR,SI2,J,0.38,0.45,1400,12/12/03
BR,SI3,J,0.38,0.45,1300,12/12/03
BR,I1,J,0.38,0.45,1000,12/12/03
BR,I2,J,0.38,0.45,800,12/12/03
BR,I3,J,0.38,0.45,500,12/12/03
BR,IF,K,0.38,0.45,1900,12/12/03
BR,VVS1,K,0.38,0.45,1800,12/12/03
BR,VVS2,K,0.38,0.45,1700,12/12/03
BR,VS1,K,0.38,0.45,1600,12/12/03
BR,VS2,K,0.38,0.45,1400,12/12/03
BR,SI1,K,0.38,0.45,1300,12/12/03
BR,SI2,K,0.38,0.45,1200,12/12/03
BR,SI3,K,0.38,0.45,1100,12/12/03
BR,I1,K,0.38,0.45,900,12/12/03
BR,I2,K,0.38,0.45,700,12/12/03
BR,I3,K,0.38,0.45,500,12/12/03
BR,IF,L,0.38,0.45,1700,12/12/03
BR,VVS1,L,0.38,0.45,1600,12/12/03
BR,VVS2,L,0.38,0.45,1500,12/12/03
BR,VS1,L,0.38,0.45,1400,12/12/03
BR,VS2,L,0.38,0.45,1300,12/12/03
BR,SI1,L,0.38,0.45,1200,12/12/03
BR,SI2,L,0.38,0.45,1100,12/12/03
BR,SI3,L,0.38,0.45,1000,12/12/03
BR,I1,L,0.38,0.45,800,12/12/03
BR,I2,L,0.38,0.45,600,12/12/03
BR,I3,L,0.38,0.45,400,12/12/03
BR,IF,M,0.38,0.45,1400,12/12/03
BR,VVS1,M,0.38,0.45,1300,12/12/03
BR,VVS2,M,0.38,0.45,1200,12/12/03
BR,VS1,M,0.38,0.45,1100,12/12/03
BR,VS2,M,0.38,0.45,1100,12/12/03
BR,SI1,M,0.38,0.45,1000,12/12/03
BR,SI2,M,0.38,0.45,900,12/12/03
BR,SI3,M,0.38,0.45,800,12/12/03
BR,I1,M,0.38,0.45,700,12/12/03
BR,I2,M,0.38,0.45,500,12/12/03
BR,I3,M,0.38,0.45,300,12/12/03
BR,IF,D,0.46,0.49,5500,12/12/03
BR,VVS1,D,0.46,0.49,4900,12/12/03
BR,VVS2,D,0.46,0.49,4500,12/12/03
BR,VS1,D,0.46,0.49,4000,12/12/03
BR,VS2,D,0.46,0.49,3300,12/12/03
BR,SI1,D,0.46,0.49,2600,12/12/03
BR,SI2,D,0.46,0.49,2300,12/12/03
BR,SI3,D,0.46,0.49,2100,12/12/03
BR,I1,D,0.46,0.49,1700,12/12/03
BR,I2,D,0.46,0.49,1200,12/12/03
BR,I3,D,0.46,0.49,900,12/12/03
BR,IF,E,0.46,0.49,4900,12/12/03
BR,VVS1,E,0.46,0.49,4500,12/12/03
BR,VVS2,E,0.46,0.49,4100,12/12/03
BR,VS1,E,0.46,0.49,3800,12/12/03
BR,VS2,E,0.46,0.49,3100,12/12/03
BR,SI1,E,0.46,0.49,2500,12/12/03
BR,SI2,E,0.46,0.49,2200,12/12/03
BR,SI3,E,0.46,0.49,2000,12/12/03
BR,I1,E,0.46,0.49,1600,12/12/03
BR,I2,E,0.46,0.49,1100,12/12/03
BR,I3,E,0.46,0.49,800,12/12/03
BR,IF,F,0.46,0.49,4600,12/12/03
BR,VVS1,F,0.46,0.49,4100,12/12/03
BR,VVS2,F,0.46,0.49,3700,12/12/03
BR,VS1,F,0.46,0.49,3400,12/12/03
BR,VS2,F,0.46,0.49,2900,12/12/03
BR,SI1,F,0.46,0.49,2400,12/12/03
BR,SI2,F,0.46,0.49,2100,12/12/03
BR,SI3,F,0.46,0.49,1900,12/12/03
BR,I1,F,0.46,0.49,1500,12/12/03
BR,I2,F,0.46,0.49,1100,12/12/03
BR,I3,F,0.46,0.49,800,12/12/03
BR,IF,G,0.46,0.49,4200,12/12/03
BR,VVS1,G,0.46,0.49,3800,12/12/03
BR,VVS2,G,0.46,0.49,3400,12/12/03
BR,VS1,G,0.46,0.49,3100,12/12/03
BR,VS2,G,0.46,0.49,2700,12/12/03
BR,SI1,G,0.46,0.49,2300,12/12/03
BR,SI2,G,0.46,0.49,2000,12/12/03
BR,SI3,G,0.46,0.49,1800,12/12/03
BR,I1,G,0.46,0.49,1400,12/12/03
BR,I2,G,0.46,0.49,1000,12/12/03
BR,I3,G,0.46,0.49,700,12/12/03
BR,IF,H,0.46,0.49,3500,12/12/03
BR,VVS1,H,0.46,0.49,3100,12/12/03
BR,VVS2,H,0.46,0.49,2900,12/12/03
BR,VS1,H,0.46,0.49,2600,12/12/03
BR,VS2,H,0.46,0.49,2400,12/12/03
BR,SI1,H,0.46,0.49,2100,12/12/03
BR,SI2,H,0.46,0.49,1800,12/12/03
BR,SI3,H,0.46,0.49,1700,12/12/03
BR,I1,H,0.46,0.49,1300,12/12/03
BR,I2,H,0.46,0.49,1000,12/12/03
BR,I3,H,0.46,0.49,700,12/12/03
BR,IF,I,0.46,0.49,3000,12/12/03
BR,VVS1,I,0.46,0.49,2600,12/12/03
BR,VVS2,I,0.46,0.49,2400,12/12/03
BR,VS1,I,0.46,0.49,2300,12/12/03
BR,VS2,I,0.46,0.49,2200,12/12/03
BR,SI1,I,0.46,0.49,1900,12/12/03
BR,SI2,I,0.46,0.49,1700,12/12/03
BR,SI3,I,0.46,0.49,1600,12/12/03
BR,I1,I,0.46,0.49,1200,12/12/03
BR,I2,I,0.46,0.49,900,12/12/03
BR,I3,I,0.46,0.49,700,12/12/03
BR,IF,J,0.46,0.49,2300,12/12/03
BR,VVS1,J,0.46,0.49,2200,12/12/03
BR,VVS2,J,0.46,0.49,2100,12/12/03
BR,VS1,J,0.46,0.49,2000,12/12/03
BR,VS2,J,0.46,0.49,1800,12/12/03
BR,SI1,J,0.46,0.49,1700,12/12/03
BR,SI2,J,0.46,0.49,1500,12/12/03
BR,SI3,J,0.46,0.49,1400,12/12/03
BR,I1,J,0.46,0.49,1100,12/12/03
BR,I2,J,0.46,0.49,900,12/12/03
BR,I3,J,0.46,0.49,600,12/12/03
BR,IF,K,0.46,0.49,2000,12/12/03
BR,VVS1,K,0.46,0.49,1900,12/12/03
BR,VVS2,K,0.46,0.49,1800,12/12/03
BR,VS1,K,0.46,0.49,1700,12/12/03
BR,VS2,K,0.46,0.49,1500,12/12/03
BR,SI1,K,0.46,0.49,1400,12/12/03
BR,SI2,K,0.46,0.49,1300,12/12/03
BR,SI3,K,0.46,0.49,1200,12/12/03
BR,I1,K,0.46,0.49,1000,12/12/03
BR,I2,K,0.46,0.49,800,12/12/03
BR,I3,K,0.46,0.49,600,12/12/03
BR,IF,L,0.46,0.49,1800,12/12/03
BR,VVS1,L,0.46,0.49,1700,12/12/03
BR,VVS2,L,0.46,0.49,1600,12/12/03
BR,VS1,L,0.46,0.49,1500,12/12/03
BR,VS2,L,0.46,0.49,1400,12/12/03
BR,SI1,L,0.46,0.49,1300,12/12/03
BR,SI2,L,0.46,0.49,1200,12/12/03
BR,SI3,L,0.46,0.49,1100,12/12/03
BR,I1,L,0.46,0.49,900,12/12/03
BR,I2,L,0.46,0.49,700,12/12/03
BR,I3,L,0.46,0.49,500,12/12/03
BR,IF,M,0.46,0.49,1600,12/12/03
BR,VVS1,M,0.46,0.49,1500,12/12/03
BR,VVS2,M,0.46,0.49,1400,12/12/03
BR,VS1,M,0.46,0.49,1300,12/12/03
BR,VS2,M,0.46,0.49,1300,12/12/03
BR,SI1,M,0.46,0.49,1200,12/12/03
BR,SI2,M,0.46,0.49,1100,12/12/03
BR,SI3,M,0.46,0.49,1000,12/12/03
BR,I1,M,0.46,0.49,800,12/12/03
BR,I2,M,0.46,0.49,600,12/12/03
BR,I3,M,0.46,0.49,400,12/12/03
BR,IF,D,0.50,0.69,7500,12/12/03
BR,VVS1,D,0.50,0.69,6000,12/12/03
BR,VVS2,D,0.50,0.69,5400,12/12/03
BR,VS1,D,0.50,0.69,4800,12/12/03
BR,VS2,D,0.50,0.69,4400,12/12/03
BR,SI1,D,0.50,0.69,3800,12/12/03
BR,SI2,D,0.50,0.69,3000,12/12/03
BR,SI3,D,0.50,0.69,2600,12/12/03
BR,I1,D,0.50,0.69,2000,12/12/03
BR,I2,D,0.50,0.69,1500,12/12/03
BR,I3,D,0.50,0.69,1000,12/12/03
BR,IF,E,0.50,0.69,6000,12/12/03
BR,VVS1,E,0.50,0.69,5400,12/12/03
BR,VVS2,E,0.50,0.69,5000,12/12/03
BR,VS1,E,0.50,0.69,4600,12/12/03
BR,VS2,E,0.50,0.69,4300,12/12/03
BR,SI1,E,0.50,0.69,3600,12/12/03
BR,SI2,E,0.50,0.69,2800,12/12/03
BR,SI3,E,0.50,0.69,2400,12/12/03
BR,I1,E,0.50,0.69,1900,12/12/03
BR,I2,E,0.50,0.69,1400,12/12/03
BR,I3,E,0.50,0.69,900,12/12/03
BR,IF,F,0.50,0.69,5400,12/12/03
BR,VVS1,F,0.50,0.69,5000,12/12/03
BR,VVS2,F,0.50,0.69,4700,12/12/03
BR,VS1,F,0.50,0.69,4300,12/12/03
BR,VS2,F,0.50,0.69,3900,12/12/03
BR,SI1,F,0.50,0.69,3300,12/12/03
BR,SI2,F,0.50,0.69,2600,12/12/03
BR,SI3,F,0.50,0.69,2200,12/12/03
BR,I1,F,0.50,0.69,1800,12/12/03
BR,I2,F,0.50,0.69,1300,12/12/03
BR,I3,F,0.50,0.69,900,12/12/03
BR,IF,G,0.50,0.69,5000,12/12/03
BR,VVS1,G,0.50,0.69,4500,12/12/03
BR,VVS2,G,0.50,0.69,4200,12/12/03
BR,VS1,G,0.50,0.69,3900,12/12/03
BR,VS2,G,0.50,0.69,3400,12/12/03
BR,SI1,G,0.50,0.69,2900,12/12/03
BR,SI2,G,0.50,0.69,2300,12/12/03
BR,SI3,G,0.50,0.69,2000,12/12/03
BR,I1,G,0.50,0.69,1600,12/12/03
BR,I2,G,0.50,0.69,1200,12/12/03
BR,I3,G,0.50,0.69,800,12/12/03
BR,IF,H,0.50,0.69,4400,12/12/03
BR,VVS1,H,0.50,0.69,3900,12/12/03
BR,VVS2,H,0.50,0.69,3500,12/12/03
BR,VS1,H,0.50,0.69,3300,12/12/03
BR,VS2,H,0.50,0.69,2900,12/12/03
BR,SI1,H,0.50,0.69,2600,12/12/03
BR,SI2,H,0.50,0.69,2100,12/12/03
BR,SI3,H,0.50,0.69,1900,12/12/03
BR,I1,H,0.50,0.69,1500,12/12/03
BR,I2,H,0.50,0.69,1100,12/12/03
BR,I3,H,0.50,0.69,800,12/12/03
BR,IF,I,0.50,0.69,3500,12/12/03
BR,VVS1,I,0.50,0.69,3100,12/12/03
BR,VVS2,I,0.50,0.69,2800,12/12/03
BR,VS1,I,0.50,0.69,2600,12/12/03
BR,VS2,I,0.50,0.69,2400,12/12/03
BR,SI1,I,0.50,0.69,2200,12/12/03
BR,SI2,I,0.50,0.69,2000,12/12/03
BR,SI3,I,0.50,0.69,1800,12/12/03
BR,I1,I,0.50,0.69,1400,12/12/03
BR,I2,I,0.50,0.69,1100,12/12/03
BR,I3,I,0.50,0.69,800,12/12/03
BR,IF,J,0.50,0.69,2700,12/12/03
BR,VVS1,J,0.50,0.69,2500,12/12/03
BR,VVS2,J,0.50,0.69,2400,12/12/03
BR,VS1,J,0.50,0.69,2200,12/12/03
BR,VS2,J,0.50,0.69,2100,12/12/03
BR,SI1,J,0.50,0.69,2000,12/12/03
BR,SI2,J,0.50,0.69,1900,12/12/03
BR,SI3,J,0.50,0.69,1600,12/12/03
BR,I1,J,0.50,0.69,1300,12/12/03
BR,I2,J,0.50,0.69,1100,12/12/03
BR,I3,J,0.50,0.69,700,12/12/03
BR,IF,K,0.50,0.69,2300,12/12/03
BR,VVS1,K,0.50,0.69,2200,12/12/03
BR,VVS2,K,0.50,0.69,2100,12/12/03
BR,VS1,K,0.50,0.69,1900,12/12/03
BR,VS2,K,0.50,0.69,1800,12/12/03
BR,SI1,K,0.50,0.69,1700,12/12/03
BR,SI2,K,0.50,0.69,1600,12/12/03
BR,SI3,K,0.50,0.69,1500,12/12/03
BR,I1,K,0.50,0.69,1200,12/12/03
BR,I2,K,0.50,0.69,1000,12/12/03
BR,I3,K,0.50,0.69,700,12/12/03
BR,IF,L,0.50,0.69,2100,12/12/03
BR,VVS1,L,0.50,0.69,2000,12/12/03
BR,VVS2,L,0.50,0.69,2000,12/12/03
BR,VS1,L,0.50,0.69,1800,12/12/03
BR,VS2,L,0.50,0.69,1800,12/12/03
BR,SI1,L,0.50,0.69,1700,12/12/03
BR,SI2,L,0.50,0.69,1500,12/12/03
BR,SI3,L,0.50,0.69,1400,12/12/03
BR,I1,L,0.50,0.69,1000,12/12/03
BR,I2,L,0.50,0.69,900,12/12/03
BR,I3,L,0.50,0.69,600,12/12/03
BR,IF,M,0.50,0.69,1800,12/12/03
BR,VVS1,M,0.50,0.69,1700,12/12/03
BR,VVS2,M,0.50,0.69,1700,12/12/03
BR,VS1,M,0.50,0.69,1600,12/12/03
BR,VS2,M,0.50,0.69,1600,12/12/03
BR,SI1,M,0.50,0.69,1500,12/12/03
BR,SI2,M,0.50,0.69,1400,12/12/03
BR,SI3,M,0.50,0.69,1200,12/12/03
BR,I1,M,0.50,0.69,900,12/12/03
BR,I2,M,0.50,0.69,800,12/12/03
BR,I3,M,0.50,0.69,500,12/12/03
BR,IF,D,0.70,0.89,8800,12/12/03
BR,VVS1,D,0.70,0.89,7000,12/12/03
BR,VVS2,D,0.70,0.89,6400,12/12/03
BR,VS1,D,0.70,0.89,5800,12/12/03
BR,VS2,D,0.70,0.89,5400,12/12/03
BR,SI1,D,0.70,0.89,5000,12/12/03
BR,SI2,D,0.70,0.89,4500,12/12/03
BR,SI3,D,0.70,0.89,3500,12/12/03
BR,I1,D,0.70,0.89,2800,12/12/03
BR,I2,D,0.70,0.89,1800,12/12/03
BR,I3,D,0.70,0.89,1100,12/12/03
BR,IF,E,0.70,0.89,7000,12/12/03
BR,VVS1,E,0.70,0.89,6500,12/12/03
BR,VVS2,E,0.70,0.89,5800,12/12/03
BR,VS1,E,0.70,0.89,5400,12/12/03
BR,VS2,E,0.70,0.89,5100,12/12/03
BR,SI1,E,0.70,0.89,4800,12/12/03
BR,SI2,E,0.70,0.89,4300,12/12/03
BR,SI3,E,0.70,0.89,3300,12/12/03
BR,I1,E,0.70,0.89,2700,12/12/03
BR,I2,E,0.70,0.89,1700,12/12/03
BR,I3,E,0.70,0.89,1100,12/12/03
BR,IF,F,0.70,0.89,6400,12/12/03
BR,VVS1,F,0.70,0.89,6000,12/12/03
BR,VVS2,F,0.70,0.89,5400,12/12/03
BR,VS1,F,0.70,0.89,5100,12/12/03
BR,VS2,F,0.70,0.89,4800,12/12/03
BR,SI1,F,0.70,0.89,4500,12/12/03
BR,SI2,F,0.70,0.89,4000,12/12/03
BR,SI3,F,0.70,0.89,3200,12/12/03
BR,I1,F,0.70,0.89,2600,12/12/03
BR,I2,F,0.70,0.89,1600,12/12/03
BR,I3,F,0.70,0.89,1000,12/12/03
BR,IF,G,0.70,0.89,5900,12/12/03
BR,VVS1,G,0.70,0.89,5400,12/12/03
BR,VVS2,G,0.70,0.89,5100,12/12/03
BR,VS1,G,0.70,0.89,4800,12/12/03
BR,VS2,G,0.70,0.89,4500,12/12/03
BR,SI1,G,0.70,0.89,4100,12/12/03
BR,SI2,G,0.70,0.89,3600,12/12/03
BR,SI3,G,0.70,0.89,3100,12/12/03
BR,I1,G,0.70,0.89,2500,12/12/03
BR,I2,G,0.70,0.89,1600,12/12/03
BR,I3,G,0.70,0.89,900,12/12/03
BR,IF,H,0.70,0.89,5300,12/12/03
BR,VVS1,H,0.70,0.89,4800,12/12/03
BR,VVS2,H,0.70,0.89,4500,12/12/03
BR,VS1,H,0.70,0.89,4300,12/12/03
BR,VS2,H,0.70,0.89,4100,12/12/03
BR,SI1,H,0.70,0.89,3700,12/12/03
BR,SI2,H,0.70,0.89,3400,12/12/03
BR,SI3,H,0.70,0.89,2900,12/12/03
BR,I1,H,0.70,0.89,2300,12/12/03
BR,I2,H,0.70,0.89,1500,12/12/03
BR,I3,H,0.70,0.89,900,12/12/03
BR,IF,I,0.70,0.89,4500,12/12/03
BR,VVS1,I,0.70,0.89,4200,12/12/03
BR,VVS2,I,0.70,0.89,4000,12/12/03
BR,VS1,I,0.70,0.89,3800,12/12/03
BR,VS2,I,0.70,0.89,3600,12/12/03
BR,SI1,I,0.70,0.89,3300,12/12/03
BR,SI2,I,0.70,0.89,2900,12/12/03
BR,SI3,I,0.70,0.89,2600,12/12/03
BR,I1,I,0.70,0.89,2200,12/12/03
BR,I2,I,0.70,0.89,1400,12/12/03
BR,I3,I,0.70,0.89,900,12/12/03
BR,IF,J,0.70,0.89,3500,12/12/03
BR,VVS1,J,0.70,0.89,3400,12/12/03
BR,VVS2,J,0.70,0.89,3300,12/12/03
BR,VS1,J,0.70,0.89,3100,12/12/03
BR,VS2,J,0.70,0.89,3000,12/12/03
BR,SI1,J,0.70,0.89,2800,12/12/03
BR,SI2,J,0.70,0.89,2600,12/12/03
BR,SI3,J,0.70,0.89,2300,12/12/03
BR,I1,J,0.70,0.89,2000,12/12/03
BR,I2,J,0.70,0.89,1300,12/12/03
BR,I3,J,0.70,0.89,800,12/12/03
BR,IF,K,0.70,0.89,3100,12/12/03
BR,VVS1,K,0.70,0.89,3000,12/12/03
BR,VVS2,K,0.70,0.89,2900,12/12/03
BR,VS1,K,0.70,0.89,2700,12/12/03
BR,VS2,K,0.70,0.89,2600,12/12/03
BR,SI1,K,0.70,0.89,2400,12/12/03
BR,SI2,K,0.70,0.89,2200,12/12/03
BR,SI3,K,0.70,0.89,1900,12/12/03
BR,I1,K,0.70,0.89,1600,12/12/03
BR,I2,K,0.70,0.89,1200,12/12/03
BR,I3,K,0.70,0.89,800,12/12/03
BR,IF,L,0.70,0.89,2500,12/12/03
BR,VVS1,L,0.70,0.89,2400,12/12/03
BR,VVS2,L,0.70,0.89,2300,12/12/03
BR,VS1,L,0.70,0.89,2200,12/12/03
BR,VS2,L,0.70,0.89,2200,12/12/03
BR,SI1,L,0.70,0.89,2100,12/12/03
BR,SI2,L,0.70,0.89,1900,12/12/03
BR,SI3,L,0.70,0.89,1600,12/12/03
BR,I1,L,0.70,0.89,1200,12/12/03
BR,I2,L,0.70,0.89,1000,12/12/03
BR,I3,L,0.70,0.89,700,12/12/03
BR,IF,M,0.70,0.89,2300,12/12/03
BR,VVS1,M,0.70,0.89,2200,12/12/03
BR,VVS2,M,0.70,0.89,2100,12/12/03
BR,VS1,M,0.70,0.89,2000,12/12/03
BR,VS2,M,0.70,0.89,2000,12/12/03
BR,SI1,M,0.70,0.89,1900,12/12/03
BR,SI2,M,0.70,0.89,1800,12/12/03
BR,SI3,M,0.70,0.89,1500,12/12/03
BR,I1,M,0.70,0.89,1100,12/12/03
BR,I2,M,0.70,0.89,900,12/12/03
BR,I3,M,0.70,0.89,600,12/12/03
BR,IF,D,0.90,0.99,10000,12/12/03
BR,VVS1,D,0.90,0.99,8000,12/12/03
BR,VVS2,D,0.90,0.99,7500,12/12/03
BR,VS1,D,0.90,0.99,6900,12/12/03
BR,VS2,D,0.90,0.99,6300,12/12/03
BR,SI1,D,0.90,0.99,6000,12/12/03
BR,SI2,D,0.90,0.99,5200,12/12/03
BR,SI3,D,0.90,0.99,4200,12/12/03
BR,I1,D,0.90,0.99,3300,12/12/03
BR,I2,D,0.90,0.99,2300,12/12/03
BR,I3,D,0.90,0.99,1300,12/12/03
BR,IF,E,0.90,0.99,8000,12/12/03
BR,VVS1,E,0.90,0.99,7500,12/12/03
BR,VVS2,E,0.90,0.99,6900,12/12/03
BR,VS1,E,0.90,0.99,6300,12/12/03
BR,VS2,E,0.90,0.99,6000,12/12/03
BR,SI1,E,0.90,0.99,5700,12/12/03
BR,SI2,E,0.90,0.99,5000,12/12/03
BR,SI3,E,0.90,0.99,4000,12/12/03
BR,I1,E,0.90,0.99,3200,12/12/03
BR,I2,E,0.90,0.99,2200,12/12/03
BR,I3,E,0.90,0.99,1200,12/12/03
BR,IF,F,0.90,0.99,7600,12/12/03
BR,VVS1,F,0.90,0.99,7100,12/12/03
BR,VVS2,F,0.90,0.99,6500,12/12/03
BR,VS1,F,0.90,0.99,6000,12/12/03
BR,VS2,F,0.90,0.99,5800,12/12/03
BR,SI1,F,0.90,0.99,5400,12/12/03
BR,SI2,F,0.90,0.99,4800,12/12/03
BR,SI3,F,0.90,0.99,3900,12/12/03
BR,I1,F,0.90,0.99,3100,12/12/03
BR,I2,F,0.90,0.99,2100,12/12/03
BR,I3,F,0.90,0.99,1200,12/12/03
BR,IF,G,0.90,0.99,7000,12/12/03
BR,VVS1,G,0.90,0.99,6400,12/12/03
BR,VVS2,G,0.90,0.99,6000,12/12/03
BR,VS1,G,0.90,0.99,5700,12/12/03
BR,VS2,G,0.90,0.99,5500,12/12/03
BR,SI1,G,0.90,0.99,5100,12/12/03
BR,SI2,G,0.90,0.99,4500,12/12/03
BR,SI3,G,0.90,0.99,3700,12/12/03
BR,I1,G,0.90,0.99,3000,12/12/03
BR,I2,G,0.90,0.99,2000,12/12/03
BR,I3,G,0.90,0.99,1100,12/12/03
BR,IF,H,0.90,0.99,6400,12/12/03
BR,VVS1,H,0.90,0.99,6000,12/12/03
BR,VVS2,H,0.90,0.99,5700,12/12/03
BR,VS1,H,0.90,0.99,5400,12/12/03
BR,VS2,H,0.90,0.99,5200,12/12/03
BR,SI1,H,0.90,0.99,4600,12/12/03
BR,SI2,H,0.90,0.99,4200,12/12/03
BR,SI3,H,0.90,0.99,3500,12/12/03
BR,I1,H,0.90,0.99,2800,12/12/03
BR,I2,H,0.90,0.99,1900,12/12/03
BR,I3,H,0.90,0.99,1100,12/12/03
BR,IF,I,0.90,0.99,5400,12/12/03
BR,VVS1,I,0.90,0.99,5100,12/12/03
BR,VVS2,I,0.90,0.99,4800,12/12/03
BR,VS1,I,0.90,0.99,4600,12/12/03
BR,VS2,I,0.90,0.99,4400,12/12/03
BR,SI1,I,0.90,0.99,4100,12/12/03
BR,SI2,I,0.90,0.99,3700,12/12/03
BR,SI3,I,0.90,0.99,3200,12/12/03
BR,I1,I,0.90,0.99,2600,12/12/03
BR,I2,I,0.90,0.99,1800,12/12/03
BR,I3,I,0.90,0.99,1000,12/12/03
BR,IF,J,0.90,0.99,4500,12/12/03
BR,VVS1,J,0.90,0.99,4300,12/12/03
BR,VVS2,J,0.90,0.99,4100,12/12/03
BR,VS1,J,0.90,0.99,3900,12/12/03
BR,VS2,J,0.90,0.99,3800,12/12/03
BR,SI1,J,0.90,0.99,3600,12/12/03
BR,SI2,J,0.90,0.99,3300,12/12/03
BR,SI3,J,0.90,0.99,2900,12/12/03
BR,I1,J,0.90,0.99,2400,12/12/03
BR,I2,J,0.90,0.99,1700,12/12/03
BR,I3,J,0.90,0.99,1000,12/12/03
BR,IF,K,0.90,0.99,3700,12/12/03
BR,VVS1,K,0.90,0.99,3600,12/12/03
BR,VVS2,K,0.90,0.99,3500,12/12/03
BR,VS1,K,0.90,0.99,3300,12/12/03
BR,VS2,K,0.90,0.99,3200,12/12/03
BR,SI1,K,0.90,0.99,3000,12/12/03
BR,SI2,K,0.90,0.99,2700,12/12/03
BR,SI3,K,0.90,0.99,2400,12/12/03
BR,I1,K,0.90,0.99,1900,12/12/03
BR,I2,K,0.90,0.99,1500,12/12/03
BR,I3,K,0.90,0.99,900,12/12/03
BR,IF,L,0.90,0.99,3200,12/12/03
BR,VVS1,L,0.90,0.99,3100,12/12/03
BR,VVS2,L,0.90,0.99,3000,12/12/03
BR,VS1,L,0.90,0.99,2900,12/12/03
BR,VS2,L,0.90,0.99,2800,12/12/03
BR,SI1,L,0.90,0.99,2700,12/12/03
BR,SI2,L,0.90,0.99,2500,12/12/03
BR,SI3,L,0.90,0.99,2200,12/12/03
BR,I1,L,0.90,0.99,1700,12/12/03
BR,I2,L,0.90,0.99,1300,12/12/03
BR,I3,L,0.90,0.99,800,12/12/03
BR,IF,M,0.90,0.99,2900,12/12/03
BR,VVS1,M,0.90,0.99,2800,12/12/03
BR,VVS2,M,0.90,0.99,2700,12/12/03
BR,VS1,M,0.90,0.99,2600,12/12/03
BR,VS2,M,0.90,0.99,2600,12/12/03
BR,SI1,M,0.90,0.99,2500,12/12/03
BR,SI2,M,0.90,0.99,2300,12/12/03
BR,SI3,M,0.90,0.99,2000,12/12/03
BR,I1,M,0.90,0.99,1600,12/12/03
BR,I2,M,0.90,0.99,1200,12/12/03
BR,I3,M,0.90,0.99,800,12/12/03
BR,IF,D,1.00,1.49,16900,12/12/03
BR,VVS1,D,1.00,1.49,11600,12/12/03
BR,VVS2,D,1.00,1.49,10200,12/12/03
BR,VS1,D,1.00,1.49,8700,12/12/03
BR,VS2,D,1.00,1.49,7900,12/12/03
BR,SI1,D,1.00,1.49,6800,12/12/03
BR,SI2,D,1.00,1.49,5700,12/12/03
BR,SI3,D,1.00,1.49,4800,12/12/03
BR,I1,D,1.00,1.49,4000,12/12/03
BR,I2,D,1.00,1.49,2700,12/12/03
BR,I3,D,1.00,1.49,1500,12/12/03
BR,IF,E,1.00,1.49,11300,12/12/03
BR,VVS1,E,1.00,1.49,10400,12/12/03
BR,VVS2,E,1.00,1.49,8800,12/12/03
BR,VS1,E,1.00,1.49,8200,12/12/03
BR,VS2,E,1.00,1.49,7500,12/12/03
BR,SI1,E,1.00,1.49,6400,12/12/03
BR,SI2,E,1.00,1.49,5400,12/12/03
BR,SI3,E,1.00,1.49,4500,12/12/03
BR,I1,E,1.00,1.49,3800,12/12/03
BR,I2,E,1.00,1.49,2600,12/12/03
BR,I3,E,1.00,1.49,1400,12/12/03
BR,IF,F,1.00,1.49,10300,12/12/03
BR,VVS1,F,1.00,1.49,9100,12/12/03
BR,VVS2,F,1.00,1.49,8300,12/12/03
BR,VS1,F,1.00,1.49,7800,12/12/03
BR,VS2,F,1.00,1.49,7200,12/12/03
BR,SI1,F,1.00,1.49,6100,12/12/03
BR,SI2,F,1.00,1.49,5000,12/12/03
BR,SI3,F,1.00,1.49,4300,12/12/03
BR,I1,F,1.00,1.49,3600,12/12/03
BR,I2,F,1.00,1.49,2500,12/12/03
BR,I3,F,1.00,1.49,1300,12/12/03
BR,IF,G,1.00,1.49,8700,12/12/03
BR,VVS1,G,1.00,1.49,8000,12/12/03
BR,VVS2,G,1.00,1.49,7700,12/12/03
BR,VS1,G,1.00,1.49,7200,12/12/03
BR,VS2,G,1.00,1.49,6700,12/12/03
BR,SI1,G,1.00,1.49,5700,12/12/03
BR,SI2,G,1.00,1.49,4700,12/12/03
BR,SI3,G,1.00,1.49,4100,12/12/03
BR,I1,G,1.00,1.49,3500,12/12/03
BR,I2,G,1.00,1.49,2400,12/12/03
BR,I3,G,1.00,1.49,1200,12/12/03
BR,IF,H,1.00,1.49,7100,12/12/03
BR,VVS1,H,1.00,1.49,6800,12/12/03
BR,VVS2,H,1.00,1.49,6500,12/12/03
BR,VS1,H,1.00,1.49,6200,12/12/03
BR,VS2,H,1.00,1.49,5900,12/12/03
BR,SI1,H,1.00,1.49,5300,12/12/03
BR,SI2,H,1.00,1.49,4600,12/12/03
BR,SI3,H,1.00,1.49,4000,12/12/03
BR,I1,H,1.00,1.49,3300,12/12/03
BR,I2,H,1.00,1.49,2300,12/12/03
BR,I3,H,1.00,1.49,1200,12/12/03
BR,IF,I,1.00,1.49,6100,12/12/03
BR,VVS1,I,1.00,1.49,5900,12/12/03
BR,VVS2,I,1.00,1.49,5600,12/12/03
BR,VS1,I,1.00,1.49,5300,12/12/03
BR,VS2,I,1.00,1.49,4900,12/12/03
BR,SI1,I,1.00,1.49,4600,12/12/03
BR,SI2,I,1.00,1.49,4100,12/12/03
BR,SI3,I,1.00,1.49,3700,12/12/03
BR,I1,I,1.00,1.49,3000,12/12/03
BR,I2,I,1.00,1.49,2100,12/12/03
BR,I3,I,1.00,1.49,1100,12/12/03
BR,IF,J,1.00,1.49,5100,12/12/03
BR,VVS1,J,1.00,1.49,5000,12/12/03
BR,VVS2,J,1.00,1.49,4900,12/12/03
BR,VS1,J,1.00,1.49,4600,12/12/03
BR,VS2,J,1.00,1.49,4400,12/12/03
BR,SI1,J,1.00,1.49,4100,12/12/03
BR,SI2,J,1.00,1.49,3800,12/12/03
BR,SI3,J,1.00,1.49,3300,12/12/03
BR,I1,J,1.00,1.49,2700,12/12/03
BR,I2,J,1.00,1.49,1900,12/12/03
BR,I3,J,1.00,1.49,1100,12/12/03
BR,IF,K,1.00,1.49,4700,12/12/03
BR,VVS1,K,1.00,1.49,4600,12/12/03
BR,VVS2,K,1.00,1.49,4500,12/12/03
BR,VS1,K,1.00,1.49,4200,12/12/03
BR,VS2,K,1.00,1.49,4000,12/12/03
BR,SI1,K,1.00,1.49,3800,12/12/03
BR,SI2,K,1.00,1.49,3400,12/12/03
BR,SI3,K,1.00,1.49,3000,12/12/03
BR,I1,K,1.00,1.49,2500,12/12/03
BR,I2,K,1.00,1.49,1700,12/12/03
BR,I3,K,1.00,1.49,1000,12/12/03
BR,IF,L,1.00,1.49,4200,12/12/03
BR,VVS1,L,1.00,1.49,4100,12/12/03
BR,VVS2,L,1.00,1.49,4000,12/12/03
BR,VS1,L,1.00,1.49,3800,12/12/03
BR,VS2,L,1.00,1.49,3600,12/12/03
BR,SI1,L,1.00,1.49,3500,12/12/03
BR,SI2,L,1.00,1.49,3100,12/12/03
BR,SI3,L,1.00,1.49,2800,12/12/03
BR,I1,L,1.00,1.49,2300,12/12/03
BR,I2,L,1.00,1.49,1500,12/12/03
BR,I3,L,1.00,1.49,900,12/12/03
BR,IF,M,1.00,1.49,3500,12/12/03
BR,VVS1,M,1.00,1.49,3400,12/12/03
BR,VVS2,M,1.00,1.49,3300,12/12/03
BR,VS1,M,1.00,1.49,3100,12/12/03
BR,VS2,M,1.00,1.49,2900,12/12/03
BR,SI1,M,1.00,1.49,2800,12/12/03
BR,SI2,M,1.00,1.49,2500,12/12/03
BR,SI3,M,1.00,1.49,2200,12/12/03
BR,I1,M,1.00,1.49,1900,12/12/03
BR,I2,M,1.00,1.49,1400,12/12/03
BR,I3,M,1.00,1.49,900,12/12/03
BR,IF,D,1.50,1.99,19000,12/12/03
BR,VVS1,D,1.50,1.99,13500,12/12/03
BR,VVS2,D,1.50,1.99,12700,12/12/03
BR,VS1,D,1.50,1.99,11000,12/12/03
BR,VS2,D,1.50,1.99,10400,12/12/03
BR,SI1,D,1.50,1.99,9100,12/12/03
BR,SI2,D,1.50,1.99,7500,12/12/03
BR,SI3,D,1.50,1.99,6200,12/12/03
BR,I1,D,1.50,1.99,4700,12/12/03
BR,I2,D,1.50,1.99,2900,12/12/03
BR,I3,D,1.50,1.99,1600,12/12/03
BR,IF,E,1.50,1.99,13500,12/12/03
BR,VVS1,E,1.50,1.99,12600,12/12/03
BR,VVS2,E,1.50,1.99,11200,12/12/03
BR,VS1,E,1.50,1.99,10500,12/12/03
BR,VS2,E,1.50,1.99,9900,12/12/03
BR,SI1,E,1.50,1.99,8800,12/12/03
BR,SI2,E,1.50,1.99,7200,12/12/03
BR,SI3,E,1.50,1.99,5900,12/12/03
BR,I1,E,1.50,1.99,4500,12/12/03
BR,I2,E,1.50,1.99,2800,12/12/03
BR,I3,E,1.50,1.99,1500,12/12/03
BR,IF,F,1.50,1.99,12500,12/12/03
BR,VVS1,F,1.50,1.99,11300,12/12/03
BR,VVS2,F,1.50,1.99,10800,12/12/03
BR,VS1,F,1.50,1.99,10000,12/12/03
BR,VS2,F,1.50,1.99,9500,12/12/03
BR,SI1,F,1.50,1.99,8300,12/12/03
BR,SI2,F,1.50,1.99,6700,12/12/03
BR,SI3,F,1.50,1.99,5700,12/12/03
BR,I1,F,1.50,1.99,4300,12/12/03
BR,I2,F,1.50,1.99,2700,12/12/03
BR,I3,F,1.50,1.99,1400,12/12/03
BR,IF,G,1.50,1.99,10700,12/12/03
BR,VVS1,G,1.50,1.99,10100,12/12/03
BR,VVS2,G,1.50,1.99,9600,12/12/03
BR,VS1,G,1.50,1.99,9200,12/12/03
BR,VS2,G,1.50,1.99,8700,12/12/03
BR,SI1,G,1.50,1.99,7500,12/12/03
BR,SI2,G,1.50,1.99,6200,12/12/03
BR,SI3,G,1.50,1.99,5300,12/12/03
BR,I1,G,1.50,1.99,4100,12/12/03
BR,I2,G,1.50,1.99,2600,12/12/03
BR,I3,G,1.50,1.99,1300,12/12/03
BR,IF,H,1.50,1.99,8900,12/12/03
BR,VVS1,H,1.50,1.99,8500,12/12/03
BR,VVS2,H,1.50,1.99,8200,12/12/03
BR,VS1,H,1.50,1.99,7800,12/12/03
BR,VS2,H,1.50,1.99,7500,12/12/03
BR,SI1,H,1.50,1.99,6900,12/12/03
BR,SI2,H,1.50,1.99,5800,12/12/03
BR,SI3,H,1.50,1.99,4900,12/12/03
BR,I1,H,1.50,1.99,3900,12/12/03
BR,I2,H,1.50,1.99,2500,12/12/03
BR,I3,H,1.50,1.99,1300,12/12/03
BR,IF,I,1.50,1.99,7700,12/12/03
BR,VVS1,I,1.50,1.99,7500,12/12/03
BR,VVS2,I,1.50,1.99,7300,12/12/03
BR,VS1,I,1.50,1.99,7000,12/12/03
BR,VS2,I,1.50,1.99,6600,12/12/03
BR,SI1,I,1.50,1.99,6000,12/12/03
BR,SI2,I,1.50,1.99,5200,12/12/03
BR,SI3,I,1.50,1.99,4500,12/12/03
BR,I1,I,1.50,1.99,3700,12/12/03
BR,I2,I,1.50,1.99,2300,12/12/03
BR,I3,I,1.50,1.99,1200,12/12/03
BR,IF,J,1.50,1.99,6400,12/12/03
BR,VVS1,J,1.50,1.99,6200,12/12/03
BR,VVS2,J,1.50,1.99,6000,12/12/03
BR,VS1,J,1.50,1.99,5700,12/12/03
BR,VS2,J,1.50,1.99,5400,12/12/03
BR,SI1,J,1.50,1.99,5000,12/12/03
BR,SI2,J,1.50,1.99,4500,12/12/03
BR,SI3,J,1.50,1.99,3900,12/12/03
BR,I1,J,1.50,1.99,3200,12/12/03
BR,I2,J,1.50,1.99,2100,12/12/03
BR,I3,J,1.50,1.99,1200,12/12/03
BR,IF,K,1.50,1.99,5600,12/12/03
BR,VVS1,K,1.50,1.99,5400,12/12/03
BR,VVS2,K,1.50,1.99,5200,12/12/03
BR,VS1,K,1.50,1.99,5000,12/12/03
BR,VS2,K,1.50,1.99,4800,12/12/03
BR,SI1,K,1.50,1.99,4500,12/12/03
BR,SI2,K,1.50,1.99,4100,12/12/03
BR,SI3,K,1.50,1.99,3600,12/12/03
BR,I1,K,1.50,1.99,2900,12/12/03
BR,I2,K,1.50,1.99,1900,12/12/03
BR,I3,K,1.50,1.99,1100,12/12/03
BR,IF,L,1.50,1.99,4800,12/12/03
BR,VVS1,L,1.50,1.99,4600,12/12/03
BR,VVS2,L,1.50,1.99,4400,12/12/03
BR,VS1,L,1.50,1.99,4300,12/12/03
BR,VS2,L,1.50,1.99,4200,12/12/03
BR,SI1,L,1.50,1.99,4000,12/12/03
BR,SI2,L,1.50,1.99,3600,12/12/03
BR,SI3,L,1.50,1.99,3200,12/12/03
BR,I1,L,1.50,1.99,2600,12/12/03
BR,I2,L,1.50,1.99,1800,12/12/03
BR,I3,L,1.50,1.99,1000,12/12/03
BR,IF,M,1.50,1.99,4100,12/12/03
BR,VVS1,M,1.50,1.99,4000,12/12/03
BR,VVS2,M,1.50,1.99,3900,12/12/03
BR,VS1,M,1.50,1.99,3800,12/12/03
BR,VS2,M,1.50,1.99,3600,12/12/03
BR,SI1,M,1.50,1.99,3300,12/12/03
BR,SI2,M,1.50,1.99,3000,12/12/03
BR,SI3,M,1.50,1.99,2700,12/12/03
BR,I1,M,1.50,1.99,2200,12/12/03
BR,I2,M,1.50,1.99,1600,12/12/03
BR,I3,M,1.50,1.99,1000,12/12/03
BR,IF,D,2.00,2.99,27500,12/12/03
BR,VVS1,D,2.00,2.99,21100,12/12/03
BR,VVS2,D,2.00,2.99,18900,12/12/03
BR,VS1,D,2.00,2.99,15400,12/12/03
BR,VS2,D,2.00,2.99,12600,12/12/03
BR,SI1,D,2.00,2.99,10600,12/12/03
BR,SI2,D,2.00,2.99,8400,12/12/03
BR,SI3,D,2.00,2.99,6900,12/12/03
BR,I1,D,2.00,2.99,5400,12/12/03
BR,I2,D,2.00,2.99,3200,12/12/03
BR,I3,D,2.00,2.99,1700,12/12/03
BR,IF,E,2.00,2.99,20700,12/12/03
BR,VVS1,E,2.00,2.99,18800,12/12/03
BR,VVS2,E,2.00,2.99,15600,12/12/03
BR,VS1,E,2.00,2.99,13600,12/12/03
BR,VS2,E,2.00,2.99,12100,12/12/03
BR,SI1,E,2.00,2.99,10300,12/12/03
BR,SI2,E,2.00,2.99,8100,12/12/03
BR,SI3,E,2.00,2.99,6700,12/12/03
BR,I1,E,2.00,2.99,5200,12/12/03
BR,I2,E,2.00,2.99,3100,12/12/03
BR,I3,E,2.00,2.99,1600,12/12/03
BR,IF,F,2.00,2.99,18600,12/12/03
BR,VVS1,F,2.00,2.99,15600,12/12/03
BR,VVS2,F,2.00,2.99,13900,12/12/03
BR,VS1,F,2.00,2.99,12500,12/12/03
BR,VS2,F,2.00,2.99,11700,12/12/03
BR,SI1,F,2.00,2.99,9900,12/12/03
BR,SI2,F,2.00,2.99,7800,12/12/03
BR,SI3,F,2.00,2.99,6400,12/12/03
BR,I1,F,2.00,2.99,5000,12/12/03
BR,I2,F,2.00,2.99,3000,12/12/03
BR,I3,F,2.00,2.99,1500,12/12/03
BR,IF,G,2.00,2.99,15000,12/12/03
BR,VVS1,G,2.00,2.99,13600,12/12/03
BR,VVS2,G,2.00,2.99,12100,12/12/03
BR,VS1,G,2.00,2.99,11600,12/12/03
BR,VS2,G,2.00,2.99,10800,12/12/03
BR,SI1,G,2.00,2.99,9200,12/12/03
BR,SI2,G,2.00,2.99,7300,12/12/03
BR,SI3,G,2.00,2.99,6000,12/12/03
BR,I1,G,2.00,2.99,4700,12/12/03
BR,I2,G,2.00,2.99,2900,12/12/03
BR,I3,G,2.00,2.99,1500,12/12/03
BR,IF,H,2.00,2.99,12100,12/12/03
BR,VVS1,H,2.00,2.99,10700,12/12/03
BR,VVS2,H,2.00,2.99,10100,12/12/03
BR,VS1,H,2.00,2.99,9600,12/12/03
BR,VS2,H,2.00,2.99,9000,12/12/03
BR,SI1,H,2.00,2.99,8000,12/12/03
BR,SI2,H,2.00,2.99,6600,12/12/03
BR,SI3,H,2.00,2.99,5600,12/12/03
BR,I1,H,2.00,2.99,4400,12/12/03
BR,I2,H,2.00,2.99,2800,12/12/03
BR,I3,H,2.00,2.99,1400,12/12/03
BR,IF,I,2.00,2.99,9300,12/12/03
BR,VVS1,I,2.00,2.99,9000,12/12/03
BR,VVS2,I,2.00,2.99,8600,12/12/03
BR,VS1,I,2.00,2.99,8100,12/12/03
BR,VS2,I,2.00,2.99,7600,12/12/03
BR,SI1,I,2.00,2.99,6900,12/12/03
BR,SI2,I,2.00,2.99,5900,12/12/03
BR,SI3,I,2.00,2.99,5100,12/12/03
BR,I1,I,2.00,2.99,4200,12/12/03
BR,I2,I,2.00,2.99,2600,12/12/03
BR,I3,I,2.00,2.99,1300,12/12/03
BR,IF,J,2.00,2.99,7600,12/12/03
BR,VVS1,J,2.00,2.99,7200,12/12/03
BR,VVS2,J,2.00,2.99,7000,12/12/03
BR,VS1,J,2.00,2.99,6500,12/12/03
BR,VS2,J,2.00,2.99,6200,12/12/03
BR,SI1,J,2.00,2.99,5700,12/12/03
BR,SI2,J,2.00,2.99,5100,12/12/03
BR,SI3,J,2.00,2.99,4500,12/12/03
BR,I1,J,2.00,2.99,3700,12/12/03
BR,I2,J,2.00,2.99,2300,12/12/03
BR,I3,J,2.00,2.99,1300,12/12/03
BR,IF,K,2.00,2.99,6300,12/12/03
BR,VVS1,K,2.00,2.99,6100,12/12/03
BR,VVS2,K,2.00,2.99,5900,12/12/03
BR,VS1,K,2.00,2.99,5600,12/12/03
BR,VS2,K,2.00,2.99,5400,12/12/03
BR,SI1,K,2.00,2.99,5100,12/12/03
BR,SI2,K,2.00,2.99,4700,12/12/03
BR,SI3,K,2.00,2.99,4200,12/12/03
BR,I1,K,2.00,2.99,3400,12/12/03
BR,I2,K,2.00,2.99,2200,12/12/03
BR,I3,K,2.00,2.99,1200,12/12/03
BR,IF,L,2.00,2.99,5500,12/12/03
BR,VVS1,L,2.00,2.99,5300,12/12/03
BR,VVS2,L,2.00,2.99,5100,12/12/03
BR,VS1,L,2.00,2.99,4800,12/12/03
BR,VS2,L,2.00,2.99,4500,12/12/03
BR,SI1,L,2.00,2.99,4300,12/12/03
BR,SI2,L,2.00,2.99,3900,12/12/03
BR,SI3,L,2.00,2.99,3400,12/12/03
BR,I1,L,2.00,2.99,2900,12/12/03
BR,I2,L,2.00,2.99,2100,12/12/03
BR,I3,L,2.00,2.99,1100,12/12/03
BR,IF,M,2.00,2.99,4500,12/12/03
BR,VVS1,M,2.00,2.99,4400,12/12/03
BR,VVS2,M,2.00,2.99,4300,12/12/03
BR,VS1,M,2.00,2.99,4100,12/12/03
BR,VS2,M,2.00,2.99,3600,12/12/03
BR,SI1,M,2.00,2.99,3500,12/12/03
BR,SI2,M,2.00,2.99,3200,12/12/03
BR,SI3,M,2.00,2.99,2900,12/12/03
BR,I1,M,2.00,2.99,2400,12/12/03
BR,I2,M,2.00,2.99,1900,12/12/03
BR,I3,M,2.00,2.99,1100,12/12/03
BR,IF,D,3.00,3.99,41700,12/12/03
BR,VVS1,D,3.00,3.99,30300,12/12/03
BR,VVS2,D,3.00,3.99,26200,12/12/03
BR,VS1,D,3.00,3.99,20800,12/12/03
BR,VS2,D,3.00,3.99,17100,12/12/03
BR,SI1,D,3.00,3.99,13400,12/12/03
BR,SI2,D,3.00,3.99,9400,12/12/03
BR,SI3,D,3.00,3.99,8000,12/12/03
BR,I1,D,3.00,3.99,6800,12/12/03
BR,I2,D,3.00,3.99,3700,12/12/03
BR,I3,D,3.00,3.99,1900,12/12/03
BR,IF,E,3.00,3.99,30000,12/12/03
BR,VVS1,E,3.00,3.99,26100,12/12/03
BR,VVS2,E,3.00,3.99,20700,12/12/03
BR,VS1,E,3.00,3.99,17300,12/12/03
BR,VS2,E,3.00,3.99,15400,12/12/03
BR,SI1,E,3.00,3.99,12600,12/12/03
BR,SI2,E,3.00,3.99,8900,12/12/03
BR,SI3,E,3.00,3.99,7600,12/12/03
BR,I1,E,3.00,3.99,6300,12/12/03
BR,I2,E,3.00,3.99,3600,12/12/03
BR,I3,E,3.00,3.99,1800,12/12/03
BR,IF,F,3.00,3.99,25800,12/12/03
BR,VVS1,F,3.00,3.99,20700,12/12/03
BR,VVS2,F,3.00,3.99,17200,12/12/03
BR,VS1,F,3.00,3.99,15600,12/12/03
BR,VS2,F,3.00,3.99,14500,12/12/03
BR,SI1,F,3.00,3.99,11800,12/12/03
BR,SI2,F,3.00,3.99,8500,12/12/03
BR,SI3,F,3.00,3.99,7200,12/12/03
BR,I1,F,3.00,3.99,5900,12/12/03
BR,I2,F,3.00,3.99,3400,12/12/03
BR,I3,F,3.00,3.99,1700,12/12/03
BR,IF,G,3.00,3.99,20000,12/12/03
BR,VVS1,G,3.00,3.99,16700,12/12/03
BR,VVS2,G,3.00,3.99,15100,12/12/03
BR,VS1,G,3.00,3.99,14300,12/12/03
BR,VS2,G,3.00,3.99,12500,12/12/03
BR,SI1,G,3.00,3.99,10400,12/12/03
BR,SI2,G,3.00,3.99,8000,12/12/03
BR,SI3,G,3.00,3.99,6800,12/12/03
BR,I1,G,3.00,3.99,5600,12/12/03
BR,I2,G,3.00,3.99,3200,12/12/03
BR,I3,G,3.00,3.99,1600,12/12/03
BR,IF,H,3.00,3.99,15500,12/12/03
BR,VVS1,H,3.00,3.99,13800,12/12/03
BR,VVS2,H,3.00,3.99,12900,12/12/03
BR,VS1,H,3.00,3.99,11600,12/12/03
BR,VS2,H,3.00,3.99,10200,12/12/03
BR,SI1,H,3.00,3.99,8700,12/12/03
BR,SI2,H,3.00,3.99,7500,12/12/03
BR,SI3,H,3.00,3.99,6300,12/12/03
BR,I1,H,3.00,3.99,5200,12/12/03
BR,I2,H,3.00,3.99,3100,12/12/03
BR,I3,H,3.00,3.99,1600,12/12/03
BR,IF,I,3.00,3.99,11900,12/12/03
BR,VVS1,I,3.00,3.99,11100,12/12/03
BR,VVS2,I,3.00,3.99,10600,12/12/03
BR,VS1,I,3.00,3.99,9700,12/12/03
BR,VS2,I,3.00,3.99,8300,12/12/03
BR,SI1,I,3.00,3.99,7600,12/12/03
BR,SI2,I,3.00,3.99,6600,12/12/03
BR,SI3,I,3.00,3.99,5700,12/12/03
BR,I1,I,3.00,3.99,4800,12/12/03
BR,I2,I,3.00,3.99,2900,12/12/03
BR,I3,I,3.00,3.99,1500,12/12/03
BR,IF,J,3.00,3.99,9600,12/12/03
BR,VVS1,J,3.00,3.99,9100,12/12/03
BR,VVS2,J,3.00,3.99,8700,12/12/03
BR,VS1,J,3.00,3.99,8000,12/12/03
BR,VS2,J,3.00,3.99,7300,12/12/03
BR,SI1,J,3.00,3.99,6700,12/12/03
BR,SI2,J,3.00,3.99,5900,12/12/03
BR,SI3,J,3.00,3.99,5100,12/12/03
BR,I1,J,3.00,3.99,4300,12/12/03
BR,I2,J,3.00,3.99,2600,12/12/03
BR,I3,J,3.00,3.99,1400,12/12/03
BR,IF,K,3.00,3.99,8500,12/12/03
BR,VVS1,K,3.00,3.99,8100,12/12/03
BR,VVS2,K,3.00,3.99,7700,12/12/03
BR,VS1,K,3.00,3.99,7000,12/12/03
BR,VS2,K,3.00,3.99,6500,12/12/03
BR,SI1,K,3.00,3.99,5900,12/12/03
BR,SI2,K,3.00,3.99,5200,12/12/03
BR,SI3,K,3.00,3.99,4600,12/12/03
BR,I1,K,3.00,3.99,4000,12/12/03
BR,I2,K,3.00,3.99,2400,12/12/03
BR,I3,K,3.00,3.99,1400,12/12/03
BR,IF,L,3.00,3.99,6900,12/12/03
BR,VVS1,L,3.00,3.99,6600,12/12/03
BR,VVS2,L,3.00,3.99,6300,12/12/03
BR,VS1,L,3.00,3.99,5900,12/12/03
BR,VS2,L,3.00,3.99,5500,12/12/03
BR,SI1,L,3.00,3.99,4900,12/12/03
BR,SI2,L,3.00,3.99,4200,12/12/03
BR,SI3,L,3.00,3.99,3700,12/12/03
BR,I1,L,3.00,3.99,3100,12/12/03
BR,I2,L,3.00,3.99,2300,12/12/03
BR,I3,L,3.00,3.99,1300,12/12/03
BR,IF,M,3.00,3.99,5700,12/12/03
BR,VVS1,M,3.00,3.99,5500,12/12/03
BR,VVS2,M,3.00,3.99,5300,12/12/03
BR,VS1,M,3.00,3.99,5000,12/12/03
BR,VS2,M,3.00,3.99,4700,12/12/03
BR,SI1,M,3.00,3.99,4300,12/12/03
BR,SI2,M,3.00,3.99,3700,12/12/03
BR,SI3,M,3.00,3.99,3300,12/12/03
BR,I1,M,3.00,3.99,2700,12/12/03
BR,I2,M,3.00,3.99,2100,12/12/03
BR,I3,M,3.00,3.99,1300,12/12/03
BR,IF,D,4.00,4.99,44900,12/12/03
BR,VVS1,D,4.00,4.99,33300,12/12/03
BR,VVS2,D,4.00,4.99,28800,12/12/03
BR,VS1,D,4.00,4.99,22900,12/12/03
BR,VS2,D,4.00,4.99,19200,12/12/03
BR,SI1,D,4.00,4.99,15200,12/12/03
BR,SI2,D,4.00,4.99,10600,12/12/03
BR,SI3,D,4.00,4.99,9000,12/12/03
BR,I1,D,4.00,4.99,7500,12/12/03
BR,I2,D,4.00,4.99,4100,12/12/03
BR,I3,D,4.00,4.99,2100,12/12/03
BR,IF,E,4.00,4.99,33000,12/12/03
BR,VVS1,E,4.00,4.99,28800,12/12/03
BR,VVS2,E,4.00,4.99,22900,12/12/03
BR,VS1,E,4.00,4.99,19400,12/12/03
BR,VS2,E,4.00,4.99,17200,12/12/03
BR,SI1,E,4.00,4.99,14200,12/12/03
BR,SI2,E,4.00,4.99,10000,12/12/03
BR,SI3,E,4.00,4.99,8500,12/12/03
BR,I1,E,4.00,4.99,7000,12/12/03
BR,I2,E,4.00,4.99,4000,12/12/03
BR,I3,E,4.00,4.99,2000,12/12/03
BR,IF,F,4.00,4.99,28600,12/12/03
BR,VVS1,F,4.00,4.99,22800,12/12/03
BR,VVS2,F,4.00,4.99,19400,12/12/03
BR,VS1,F,4.00,4.99,17400,12/12/03
BR,VS2,F,4.00,4.99,16200,12/12/03
BR,SI1,F,4.00,4.99,13200,12/12/03
BR,SI2,F,4.00,4.99,9600,12/12/03
BR,SI3,F,4.00,4.99,8000,12/12/03
BR,I1,F,4.00,4.99,6600,12/12/03
BR,I2,F,4.00,4.99,3800,12/12/03
BR,I3,F,4.00,4.99,1900,12/12/03
BR,IF,G,4.00,4.99,22400,12/12/03
BR,VVS1,G,4.00,4.99,19000,12/12/03
BR,VVS2,G,4.00,4.99,17000,12/12/03
BR,VS1,G,4.00,4.99,16000,12/12/03
BR,VS2,G,4.00,4.99,13800,12/12/03
BR,SI1,G,4.00,4.99,11500,12/12/03
BR,SI2,G,4.00,4.99,9100,12/12/03
BR,SI3,G,4.00,4.99,7500,12/12/03
BR,I1,G,4.00,4.99,6200,12/12/03
BR,I2,G,4.00,4.99,3600,12/12/03
BR,I3,G,4.00,4.99,1800,12/12/03
BR,IF,H,4.00,4.99,16800,12/12/03
BR,VVS1,H,4.00,4.99,15300,12/12/03
BR,VVS2,H,4.00,4.99,13900,12/12/03
BR,VS1,H,4.00,4.99,12600,12/12/03
BR,VS2,H,4.00,4.99,11000,12/12/03
BR,SI1,H,4.00,4.99,9700,12/12/03
BR,SI2,H,4.00,4.99,8300,12/12/03
BR,SI3,H,4.00,4.99,7000,12/12/03
BR,I1,H,4.00,4.99,5800,12/12/03
BR,I2,H,4.00,4.99,3400,12/12/03
BR,I3,H,4.00,4.99,1800,12/12/03
BR,IF,I,4.00,4.99,13100,12/12/03
BR,VVS1,I,4.00,4.99,12100,12/12/03
BR,VVS2,I,4.00,4.99,11400,12/12/03
BR,VS1,I,4.00,4.99,10700,12/12/03
BR,VS2,I,4.00,4.99,9800,12/12/03
BR,SI1,I,4.00,4.99,8500,12/12/03
BR,SI2,I,4.00,4.99,7500,12/12/03
BR,SI3,I,4.00,4.99,6600,12/12/03
BR,I1,I,4.00,4.99,5500,12/12/03
BR,I2,I,4.00,4.99,3200,12/12/03
BR,I3,I,4.00,4.99,1700,12/12/03
BR,IF,J,4.00,4.99,10400,12/12/03
BR,VVS1,J,4.00,4.99,9900,12/12/03
BR,VVS2,J,4.00,4.99,9400,12/12/03
BR,VS1,J,4.00,4.99,8700,12/12/03
BR,VS2,J,4.00,4.99,8200,12/12/03
BR,SI1,J,4.00,4.99,7300,12/12/03
BR,SI2,J,4.00,4.99,6600,12/12/03
BR,SI3,J,4.00,4.99,5700,12/12/03
BR,I1,J,4.00,4.99,4900,12/12/03
BR,I2,J,4.00,4.99,3000,12/12/03
BR,I3,J,4.00,4.99,1600,12/12/03
BR,IF,K,4.00,4.99,9100,12/12/03
BR,VVS1,K,4.00,4.99,8700,12/12/03
BR,VVS2,K,4.00,4.99,8300,12/12/03
BR,VS1,K,4.00,4.99,7600,12/12/03
BR,VS2,K,4.00,4.99,7100,12/12/03
BR,SI1,K,4.00,4.99,6400,12/12/03
BR,SI2,K,4.00,4.99,5800,12/12/03
BR,SI3,K,4.00,4.99,5200,12/12/03
BR,I1,K,4.00,4.99,4500,12/12/03
BR,I2,K,4.00,4.99,2700,12/12/03
BR,I3,K,4.00,4.99,1500,12/12/03
BR,IF,L,4.00,4.99,7500,12/12/03
BR,VVS1,L,4.00,4.99,7200,12/12/03
BR,VVS2,L,4.00,4.99,6900,12/12/03
BR,VS1,L,4.00,4.99,6500,12/12/03
BR,VS2,L,4.00,4.99,6100,12/12/03
BR,SI1,L,4.00,4.99,5400,12/12/03
BR,SI2,L,4.00,4.99,4700,12/12/03
BR,SI3,L,4.00,4.99,4200,12/12/03
BR,I1,L,4.00,4.99,3600,12/12/03
BR,I2,L,4.00,4.99,2600,12/12/03
BR,I3,L,4.00,4.99,1400,12/12/03
BR,IF,M,4.00,4.99,6200,12/12/03
BR,VVS1,M,4.00,4.99,6000,12/12/03
BR,VVS2,M,4.00,4.99,5800,12/12/03
BR,VS1,M,4.00,4.99,5500,12/12/03
BR,VS2,M,4.00,4.99,5300,12/12/03
BR,SI1,M,4.00,4.99,4800,12/12/03
BR,SI2,M,4.00,4.99,4200,12/12/03
BR,SI3,M,4.00,4.99,3800,12/12/03
BR,I1,M,4.00,4.99,3200,12/12/03
BR,I2,M,4.00,4.99,2300,12/12/03
BR,I3,M,4.00,4.99,1400,12/12/03
BR,IF,D,5.00,5.99,57300,12/12/03
BR,VVS1,D,5.00,5.99,40500,12/12/03
BR,VVS2,D,5.00,5.99,35100,12/12/03
BR,VS1,D,5.00,5.99,29300,12/12/03
BR,VS2,D,5.00,5.99,24100,12/12/03
BR,SI1,D,5.00,5.99,19700,12/12/03
BR,SI2,D,5.00,5.99,13400,12/12/03
BR,SI3,D,5.00,5.99,10700,12/12/03
BR,I1,D,5.00,5.99,8000,12/12/03
BR,I2,D,5.00,5.99,4600,12/12/03
BR,I3,D,5.00,5.99,2300,12/12/03
BR,IF,E,5.00,5.99,40500,12/12/03
BR,VVS1,E,5.00,5.99,35100,12/12/03
BR,VVS2,E,5.00,5.99,29100,12/12/03
BR,VS1,E,5.00,5.99,25300,12/12/03
BR,VS2,E,5.00,5.99,22100,12/12/03
BR,SI1,E,5.00,5.99,17700,12/12/03
BR,SI2,E,5.00,5.99,12900,12/12/03
BR,SI3,E,5.00,5.99,10100,12/12/03
BR,I1,E,5.00,5.99,7500,12/12/03
BR,I2,E,5.00,5.99,4400,12/12/03
BR,I3,E,5.00,5.99,2100,12/12/03
BR,IF,F,5.00,5.99,35100,12/12/03
BR,VVS1,F,5.00,5.99,29100,12/12/03
BR,VVS2,F,5.00,5.99,25600,12/12/03
BR,VS1,F,5.00,5.99,22800,12/12/03
BR,VS2,F,5.00,5.99,19600,12/12/03
BR,SI1,F,5.00,5.99,15700,12/12/03
BR,SI2,F,5.00,5.99,12400,12/12/03
BR,SI3,F,5.00,5.99,9700,12/12/03
BR,I1,F,5.00,5.99,7200,12/12/03
BR,I2,F,5.00,5.99,4200,12/12/03
BR,I3,F,5.00,5.99,2000,12/12/03
BR,IF,G,5.00,5.99,28900,12/12/03
BR,VVS1,G,5.00,5.99,25500,12/12/03
BR,VVS2,G,5.00,5.99,22500,12/12/03
BR,VS1,G,5.00,5.99,19700,12/12/03
BR,VS2,G,5.00,5.99,17200,12/12/03
BR,SI1,G,5.00,5.99,14300,12/12/03
BR,SI2,G,5.00,5.99,11500,12/12/03
BR,SI3,G,5.00,5.99,9200,12/12/03
BR,I1,G,5.00,5.99,6800,12/12/03
BR,I2,G,5.00,5.99,4000,12/12/03
BR,I3,G,5.00,5.99,1900,12/12/03
BR,IF,H,5.00,5.99,23300,12/12/03
BR,VVS1,H,5.00,5.99,20700,12/12/03
BR,VVS2,H,5.00,5.99,18300,12/12/03
BR,VS1,H,5.00,5.99,16200,12/12/03
BR,VS2,H,5.00,5.99,14300,12/12/03
BR,SI1,H,5.00,5.99,12100,12/12/03
BR,SI2,H,5.00,5.99,9900,12/12/03
BR,SI3,H,5.00,5.99,8200,12/12/03
BR,I1,H,5.00,5.99,6300,12/12/03
BR,I2,H,5.00,5.99,3800,12/12/03
BR,I3,H,5.00,5.99,1800,12/12/03
BR,IF,I,5.00,5.99,18100,12/12/03
BR,VVS1,I,5.00,5.99,17100,12/12/03
BR,VVS2,I,5.00,5.99,15900,12/12/03
BR,VS1,I,5.00,5.99,14000,12/12/03
BR,VS2,I,5.00,5.99,12400,12/12/03
BR,SI1,I,5.00,5.99,10000,12/12/03
BR,SI2,I,5.00,5.99,8800,12/12/03
BR,SI3,I,5.00,5.99,7200,12/12/03
BR,I1,I,5.00,5.99,5700,12/12/03
BR,I2,I,5.00,5.99,3600,12/12/03
BR,I3,I,5.00,5.99,1700,12/12/03
BR,IF,J,5.00,5.99,12600,12/12/03
BR,VVS1,J,5.00,5.99,12100,12/12/03
BR,VVS2,J,5.00,5.99,11700,12/12/03
BR,VS1,J,5.00,5.99,11100,12/12/03
BR,VS2,J,5.00,5.99,9900,12/12/03
BR,SI1,J,5.00,5.99,8300,12/12/03
BR,SI2,J,5.00,5.99,7400,12/12/03
BR,SI3,J,5.00,5.99,6200,12/12/03
BR,I1,J,5.00,5.99,5200,12/12/03
BR,I2,J,5.00,5.99,3400,12/12/03
BR,I3,J,5.00,5.99,1600,12/12/03
BR,IF,K,5.00,5.99,10100,12/12/03
BR,VVS1,K,5.00,5.99,9700,12/12/03
BR,VVS2,K,5.00,5.99,9200,12/12/03
BR,VS1,K,5.00,5.99,8600,12/12/03
BR,VS2,K,5.00,5.99,8300,12/12/03
BR,SI1,K,5.00,5.99,7400,12/12/03
BR,SI2,K,5.00,5.99,6300,12/12/03
BR,SI3,K,5.00,5.99,5500,12/12/03
BR,I1,K,5.00,5.99,4700,12/12/03
BR,I2,K,5.00,5.99,3100,12/12/03
BR,I3,K,5.00,5.99,1600,12/12/03
BR,IF,L,5.00,5.99,8200,12/12/03
BR,VVS1,L,5.00,5.99,7700,12/12/03
BR,VVS2,L,5.00,5.99,7300,12/12/03
BR,VS1,L,5.00,5.99,6900,12/12/03
BR,VS2,L,5.00,5.99,6600,12/12/03
BR,SI1,L,5.00,5.99,6100,12/12/03
BR,SI2,L,5.00,5.99,5300,12/12/03
BR,SI3,L,5.00,5.99,4700,12/12/03
BR,I1,L,5.00,5.99,4100,12/12/03
BR,I2,L,5.00,5.99,2800,12/12/03
BR,I3,L,5.00,5.99,1500,12/12/03
BR,IF,M,5.00,5.99,6700,12/12/03
BR,VVS1,M,5.00,5.99,6400,12/12/03
BR,VVS2,M,5.00,5.99,6200,12/12/03
BR,VS1,M,5.00,5.99,5900,12/12/03
BR,VS2,M,5.00,5.99,5600,12/12/03
BR,SI1,M,5.00,5.99,5200,12/12/03
BR,SI2,M,5.00,5.99,4700,12/12/03
BR,SI3,M,5.00,5.99,4100,12/12/03
BR,I1,M,5.00,5.99,3500,12/12/03
BR,I2,M,5.00,5.99,2500,12/12/03
BR,I3,M,5.00,5.99,1500,12/12/03